-- MySQL dump 10.13  Distrib 8.0.36, for Win64 (x86_64)
--
-- Host: localhost    Database: web
-- ------------------------------------------------------
-- Server version	8.1.0

/*!40101 SET @OLD_CHARACTER_SET_CLIENT=@@CHARACTER_SET_CLIENT */;
/*!40101 SET @OLD_CHARACTER_SET_RESULTS=@@CHARACTER_SET_RESULTS */;
/*!40101 SET @OLD_COLLATION_CONNECTION=@@COLLATION_CONNECTION */;
/*!50503 SET NAMES utf8 */;
/*!40103 SET @OLD_TIME_ZONE=@@TIME_ZONE */;
/*!40103 SET TIME_ZONE='+00:00' */;
/*!40014 SET @OLD_UNIQUE_CHECKS=@@UNIQUE_CHECKS, UNIQUE_CHECKS=0 */;
/*!40014 SET @OLD_FOREIGN_KEY_CHECKS=@@FOREIGN_KEY_CHECKS, FOREIGN_KEY_CHECKS=0 */;
/*!40101 SET @OLD_SQL_MODE=@@SQL_MODE, SQL_MODE='NO_AUTO_VALUE_ON_ZERO' */;
/*!40111 SET @OLD_SQL_NOTES=@@SQL_NOTES, SQL_NOTES=0 */;

--
-- Table structure for table `cart`
--

DROP TABLE IF EXISTS `cart`;
/*!40101 SET @saved_cs_client     = @@character_set_client */;
/*!50503 SET character_set_client = utf8mb4 */;
CREATE TABLE `cart` (
  `cart_id` int NOT NULL AUTO_INCREMENT,
  `customer_id` int DEFAULT NULL,
  `id_prod` int DEFAULT NULL,
  `total_amout` decimal(10,2) DEFAULT NULL,
  `quantity` int DEFAULT NULL,
  `product_id` int DEFAULT NULL,
  PRIMARY KEY (`cart_id`),
  KEY `cart_fk_1` (`id_prod`),
  KEY `products_fk_4` (`product_id`),
  CONSTRAINT `cart_fk_1` FOREIGN KEY (`id_prod`) REFERENCES `product_detail` (`id_prod`),
  CONSTRAINT `products_fk_4` FOREIGN KEY (`product_id`) REFERENCES `products` (`product_id`)
) ENGINE=InnoDB DEFAULT CHARSET=utf8mb4 COLLATE=utf8mb4_0900_ai_ci;
/*!40101 SET character_set_client = @saved_cs_client */;

--
-- Dumping data for table `cart`
--

LOCK TABLES `cart` WRITE;
/*!40000 ALTER TABLE `cart` DISABLE KEYS */;
/*!40000 ALTER TABLE `cart` ENABLE KEYS */;
UNLOCK TABLES;

--
-- Table structure for table `customers`
--

DROP TABLE IF EXISTS `customers`;
/*!40101 SET @saved_cs_client     = @@character_set_client */;
/*!50503 SET character_set_client = utf8mb4 */;
CREATE TABLE `customers` (
  `customer_id` int NOT NULL AUTO_INCREMENT,
  `name` varchar(100) NOT NULL,
  `email` varchar(100) NOT NULL,
  `phone` varchar(20) NOT NULL,
  `address` varchar(255) DEFAULT NULL,
  `birthday` date NOT NULL,
  `role` int DEFAULT '1',
  `pass_word` varchar(500) NOT NULL,
  `user_name` varchar(50) NOT NULL,
  `user_img` varchar(50) DEFAULT NULL,
  PRIMARY KEY (`customer_id`)
) ENGINE=InnoDB DEFAULT CHARSET=utf8mb4 COLLATE=utf8mb4_0900_ai_ci;
/*!40101 SET character_set_client = @saved_cs_client */;

--
-- Dumping data for table `customers`
--

LOCK TABLES `customers` WRITE;
/*!40000 ALTER TABLE `customers` DISABLE KEYS */;
/*!40000 ALTER TABLE `customers` ENABLE KEYS */;
UNLOCK TABLES;

--
-- Table structure for table `orderdetail`
--

DROP TABLE IF EXISTS `orderdetail`;
/*!40101 SET @saved_cs_client     = @@character_set_client */;
/*!50503 SET character_set_client = utf8mb4 */;
CREATE TABLE `orderdetail` (
  `id` int NOT NULL AUTO_INCREMENT,
  `order_id` int DEFAULT NULL,
  `quantity` int DEFAULT NULL,
  `total_amout` decimal(10,2) DEFAULT NULL,
  `id_prod` int DEFAULT NULL,
  `product_id` int DEFAULT NULL,
  PRIMARY KEY (`id`),
  KEY `orders_fk_2` (`order_id`),
  KEY `orderdetail_fk3_id_prod` (`id_prod`),
  KEY `products_fk_1` (`product_id`),
  CONSTRAINT `orderdetail_fk3_id_prod` FOREIGN KEY (`id_prod`) REFERENCES `product_detail` (`id_prod`),
  CONSTRAINT `orders_fk_2` FOREIGN KEY (`order_id`) REFERENCES `orders` (`order_id`),
  CONSTRAINT `products_fk_1` FOREIGN KEY (`product_id`) REFERENCES `products` (`product_id`)
) ENGINE=InnoDB DEFAULT CHARSET=utf8mb4 COLLATE=utf8mb4_0900_ai_ci;
/*!40101 SET character_set_client = @saved_cs_client */;

--
-- Dumping data for table `orderdetail`
--

LOCK TABLES `orderdetail` WRITE;
/*!40000 ALTER TABLE `orderdetail` DISABLE KEYS */;
/*!40000 ALTER TABLE `orderdetail` ENABLE KEYS */;
UNLOCK TABLES;
/*!50003 SET @saved_cs_client      = @@character_set_client */ ;
/*!50003 SET @saved_cs_results     = @@character_set_results */ ;
/*!50003 SET @saved_col_connection = @@collation_connection */ ;
/*!50003 SET character_set_client  = utf8mb4 */ ;
/*!50003 SET character_set_results = utf8mb4 */ ;
/*!50003 SET collation_connection  = utf8mb4_0900_ai_ci */ ;
/*!50003 SET @saved_sql_mode       = @@sql_mode */ ;
/*!50003 SET sql_mode              = 'ONLY_FULL_GROUP_BY,STRICT_TRANS_TABLES,NO_ZERO_IN_DATE,NO_ZERO_DATE,ERROR_FOR_DIVISION_BY_ZERO,NO_ENGINE_SUBSTITUTION' */ ;
DELIMITER ;;
/*!50003 CREATE*/ /*!50017 DEFINER=`root`@`localhost`*/ /*!50003 TRIGGER `update_sold_trigger_for_products` AFTER INSERT ON `orderdetail` FOR EACH ROW BEGIN
    UPDATE products
    SET quantity_sold = quantity_sold + new.quantity
    WHERE product_id = new.product_id;
END */;;
DELIMITER ;
/*!50003 SET sql_mode              = @saved_sql_mode */ ;
/*!50003 SET character_set_client  = @saved_cs_client */ ;
/*!50003 SET character_set_results = @saved_cs_results */ ;
/*!50003 SET collation_connection  = @saved_col_connection */ ;
/*!50003 SET @saved_cs_client      = @@character_set_client */ ;
/*!50003 SET @saved_cs_results     = @@character_set_results */ ;
/*!50003 SET @saved_col_connection = @@collation_connection */ ;
/*!50003 SET character_set_client  = utf8mb4 */ ;
/*!50003 SET character_set_results = utf8mb4 */ ;
/*!50003 SET collation_connection  = utf8mb4_0900_ai_ci */ ;
/*!50003 SET @saved_sql_mode       = @@sql_mode */ ;
/*!50003 SET sql_mode              = 'ONLY_FULL_GROUP_BY,STRICT_TRANS_TABLES,NO_ZERO_IN_DATE,NO_ZERO_DATE,ERROR_FOR_DIVISION_BY_ZERO,NO_ENGINE_SUBSTITUTION' */ ;
DELIMITER ;;
/*!50003 CREATE*/ /*!50017 DEFINER=`root`@`localhost`*/ /*!50003 TRIGGER `update_stock_trigger_for_productdetail` AFTER INSERT ON `orderdetail` FOR EACH ROW BEGIN
    UPDATE product_detail
    SET quantity_of_color = quantity_of_color - new.quantity
    WHERE id_prod = new.id_prod;
END */;;
DELIMITER ;
/*!50003 SET sql_mode              = @saved_sql_mode */ ;
/*!50003 SET character_set_client  = @saved_cs_client */ ;
/*!50003 SET character_set_results = @saved_cs_results */ ;
/*!50003 SET collation_connection  = @saved_col_connection */ ;
/*!50003 SET @saved_cs_client      = @@character_set_client */ ;
/*!50003 SET @saved_cs_results     = @@character_set_results */ ;
/*!50003 SET @saved_col_connection = @@collation_connection */ ;
/*!50003 SET character_set_client  = utf8mb4 */ ;
/*!50003 SET character_set_results = utf8mb4 */ ;
/*!50003 SET collation_connection  = utf8mb4_0900_ai_ci */ ;
/*!50003 SET @saved_sql_mode       = @@sql_mode */ ;
/*!50003 SET sql_mode              = 'ONLY_FULL_GROUP_BY,STRICT_TRANS_TABLES,NO_ZERO_IN_DATE,NO_ZERO_DATE,ERROR_FOR_DIVISION_BY_ZERO,NO_ENGINE_SUBSTITUTION' */ ;
DELIMITER ;;
/*!50003 CREATE*/ /*!50017 DEFINER=`root`@`localhost`*/ /*!50003 TRIGGER `update_products_from_orderdetail` AFTER INSERT ON `orderdetail` FOR EACH ROW BEGIN
    UPDATE products
    SET quantity_stock  = quantity_stock  - new.quantity
    WHERE product_id = new.product_id;
END */;;
DELIMITER ;
/*!50003 SET sql_mode              = @saved_sql_mode */ ;
/*!50003 SET character_set_client  = @saved_cs_client */ ;
/*!50003 SET character_set_results = @saved_cs_results */ ;
/*!50003 SET collation_connection  = @saved_col_connection */ ;
/*!50003 SET @saved_cs_client      = @@character_set_client */ ;
/*!50003 SET @saved_cs_results     = @@character_set_results */ ;
/*!50003 SET @saved_col_connection = @@collation_connection */ ;
/*!50003 SET character_set_client  = utf8mb4 */ ;
/*!50003 SET character_set_results = utf8mb4 */ ;
/*!50003 SET collation_connection  = utf8mb4_0900_ai_ci */ ;
/*!50003 SET @saved_sql_mode       = @@sql_mode */ ;
/*!50003 SET sql_mode              = 'ONLY_FULL_GROUP_BY,STRICT_TRANS_TABLES,NO_ZERO_IN_DATE,NO_ZERO_DATE,ERROR_FOR_DIVISION_BY_ZERO,NO_ENGINE_SUBSTITUTION' */ ;
DELIMITER ;;
/*!50003 CREATE*/ /*!50017 DEFINER=`root`@`localhost`*/ /*!50003 TRIGGER `restore_sold_trigger_for_products` AFTER DELETE ON `orderdetail` FOR EACH ROW BEGIN
    UPDATE products
    SET quantity_sold = quantity_sold - old.quantity
    WHERE product_id = old.product_id;
END */;;
DELIMITER ;
/*!50003 SET sql_mode              = @saved_sql_mode */ ;
/*!50003 SET character_set_client  = @saved_cs_client */ ;
/*!50003 SET character_set_results = @saved_cs_results */ ;
/*!50003 SET collation_connection  = @saved_col_connection */ ;
/*!50003 SET @saved_cs_client      = @@character_set_client */ ;
/*!50003 SET @saved_cs_results     = @@character_set_results */ ;
/*!50003 SET @saved_col_connection = @@collation_connection */ ;
/*!50003 SET character_set_client  = utf8mb4 */ ;
/*!50003 SET character_set_results = utf8mb4 */ ;
/*!50003 SET collation_connection  = utf8mb4_0900_ai_ci */ ;
/*!50003 SET @saved_sql_mode       = @@sql_mode */ ;
/*!50003 SET sql_mode              = 'ONLY_FULL_GROUP_BY,STRICT_TRANS_TABLES,NO_ZERO_IN_DATE,NO_ZERO_DATE,ERROR_FOR_DIVISION_BY_ZERO,NO_ENGINE_SUBSTITUTION' */ ;
DELIMITER ;;
/*!50003 CREATE*/ /*!50017 DEFINER=`root`@`localhost`*/ /*!50003 TRIGGER `restore_stock_trigger_for_productdetail` AFTER DELETE ON `orderdetail` FOR EACH ROW BEGIN
    UPDATE product_detail
    SET quantity_of_color = quantity_of_color + old.quantity
    WHERE id_prod = old.id_prod;
END */;;
DELIMITER ;
/*!50003 SET sql_mode              = @saved_sql_mode */ ;
/*!50003 SET character_set_client  = @saved_cs_client */ ;
/*!50003 SET character_set_results = @saved_cs_results */ ;
/*!50003 SET collation_connection  = @saved_col_connection */ ;
/*!50003 SET @saved_cs_client      = @@character_set_client */ ;
/*!50003 SET @saved_cs_results     = @@character_set_results */ ;
/*!50003 SET @saved_col_connection = @@collation_connection */ ;
/*!50003 SET character_set_client  = utf8mb4 */ ;
/*!50003 SET character_set_results = utf8mb4 */ ;
/*!50003 SET collation_connection  = utf8mb4_0900_ai_ci */ ;
/*!50003 SET @saved_sql_mode       = @@sql_mode */ ;
/*!50003 SET sql_mode              = 'ONLY_FULL_GROUP_BY,STRICT_TRANS_TABLES,NO_ZERO_IN_DATE,NO_ZERO_DATE,ERROR_FOR_DIVISION_BY_ZERO,NO_ENGINE_SUBSTITUTION' */ ;
DELIMITER ;;
/*!50003 CREATE*/ /*!50017 DEFINER=`root`@`localhost`*/ /*!50003 TRIGGER `restore_products_from_orderdetail` AFTER DELETE ON `orderdetail` FOR EACH ROW BEGIN
    UPDATE products
    SET quantity_stock  = quantity_stock  + old.quantity
    WHERE product_id = old.product_id;
END */;;
DELIMITER ;
/*!50003 SET sql_mode              = @saved_sql_mode */ ;
/*!50003 SET character_set_client  = @saved_cs_client */ ;
/*!50003 SET character_set_results = @saved_cs_results */ ;
/*!50003 SET collation_connection  = @saved_col_connection */ ;

--
-- Table structure for table `orders`
--

DROP TABLE IF EXISTS `orders`;
/*!40101 SET @saved_cs_client     = @@character_set_client */;
/*!50503 SET character_set_client = utf8mb4 */;
CREATE TABLE `orders` (
  `order_id` int NOT NULL AUTO_INCREMENT,
  `customer_id` int DEFAULT NULL,
  `order_date` date DEFAULT NULL,
  `total_amount` decimal(10,2) DEFAULT NULL,
  `status` int DEFAULT '1',
  PRIMARY KEY (`order_id`),
  KEY `orders_fk_1` (`customer_id`),
  CONSTRAINT `orders_fk_1` FOREIGN KEY (`customer_id`) REFERENCES `customers` (`customer_id`)
) ENGINE=InnoDB DEFAULT CHARSET=utf8mb4 COLLATE=utf8mb4_0900_ai_ci;
/*!40101 SET character_set_client = @saved_cs_client */;

--
-- Dumping data for table `orders`
--

LOCK TABLES `orders` WRITE;
/*!40000 ALTER TABLE `orders` DISABLE KEYS */;
/*!40000 ALTER TABLE `orders` ENABLE KEYS */;
UNLOCK TABLES;
/*!50003 SET @saved_cs_client      = @@character_set_client */ ;
/*!50003 SET @saved_cs_results     = @@character_set_results */ ;
/*!50003 SET @saved_col_connection = @@collation_connection */ ;
/*!50003 SET character_set_client  = utf8mb4 */ ;
/*!50003 SET character_set_results = utf8mb4 */ ;
/*!50003 SET collation_connection  = utf8mb4_0900_ai_ci */ ;
/*!50003 SET @saved_sql_mode       = @@sql_mode */ ;
/*!50003 SET sql_mode              = 'ONLY_FULL_GROUP_BY,STRICT_TRANS_TABLES,NO_ZERO_IN_DATE,NO_ZERO_DATE,ERROR_FOR_DIVISION_BY_ZERO,NO_ENGINE_SUBSTITUTION' */ ;
DELIMITER ;;
/*!50003 CREATE*/ /*!50017 DEFINER=`root`@`localhost`*/ /*!50003 TRIGGER `update_orrderdetail_from_orders` AFTER DELETE ON `orders` FOR EACH ROW begin
	delete from orderdetail
    where order_id = old.order_id;
end */;;
DELIMITER ;
/*!50003 SET sql_mode              = @saved_sql_mode */ ;
/*!50003 SET character_set_client  = @saved_cs_client */ ;
/*!50003 SET character_set_results = @saved_cs_results */ ;
/*!50003 SET collation_connection  = @saved_col_connection */ ;

--
-- Table structure for table `portfolio`
--

DROP TABLE IF EXISTS `portfolio`;
/*!40101 SET @saved_cs_client     = @@character_set_client */;
/*!50503 SET character_set_client = utf8mb4 */;
CREATE TABLE `portfolio` (
  `id_port` int NOT NULL AUTO_INCREMENT,
  `name` varchar(200) DEFAULT NULL,
  PRIMARY KEY (`id_port`)
) ENGINE=InnoDB AUTO_INCREMENT=6 DEFAULT CHARSET=utf8mb4 COLLATE=utf8mb4_0900_ai_ci;
/*!40101 SET character_set_client = @saved_cs_client */;

--
-- Dumping data for table `portfolio`
--

LOCK TABLES `portfolio` WRITE;
/*!40000 ALTER TABLE `portfolio` DISABLE KEYS */;
INSERT INTO `portfolio` VALUES (1,'Phòng Ngủ'),(2,'Phòng Ăn'),(3,'Phòng Khách'),(4,'Phòng Làm Việc'),(5,'Tủ Bếp');
/*!40000 ALTER TABLE `portfolio` ENABLE KEYS */;
UNLOCK TABLES;

--
-- Table structure for table `product_detail`
--

DROP TABLE IF EXISTS `product_detail`;
/*!40101 SET @saved_cs_client     = @@character_set_client */;
/*!50503 SET character_set_client = utf8mb4 */;
CREATE TABLE `product_detail` (
  `id_prod` int NOT NULL AUTO_INCREMENT,
  `product_id` int DEFAULT NULL,
  `color` int DEFAULT NULL,
  `quantity_of_color` int unsigned DEFAULT NULL,
  PRIMARY KEY (`id_prod`),
  KEY `products_fk_2` (`product_id`),
  CONSTRAINT `products_fk_2` FOREIGN KEY (`product_id`) REFERENCES `products` (`product_id`)
) ENGINE=InnoDB AUTO_INCREMENT=369 DEFAULT CHARSET=utf8mb4 COLLATE=utf8mb4_0900_ai_ci;
/*!40101 SET character_set_client = @saved_cs_client */;

--
-- Dumping data for table `product_detail`
--

LOCK TABLES `product_detail` WRITE;
/*!40000 ALTER TABLE `product_detail` DISABLE KEYS */;
INSERT INTO `product_detail` VALUES (3,3,4,73),(4,4,3,224),(5,5,2,92),(6,6,5,118),(7,7,1,152),(8,8,4,267),(9,9,3,245),(10,10,5,55),(11,11,2,150),(12,12,1,213),(13,13,3,143),(14,14,4,215),(15,15,1,39),(16,16,2,120),(17,17,2,276),(18,18,5,63),(19,19,3,256),(20,20,4,57),(21,21,1,158),(22,22,2,221),(23,23,4,184),(24,24,1,29),(25,25,1,217),(26,26,5,67),(27,27,3,84),(28,28,2,99),(29,29,1,226),(30,30,4,95),(31,31,3,185),(32,32,4,71),(33,33,2,167),(34,34,3,167),(35,35,5,156),(36,36,1,235),(37,37,4,52),(38,38,3,82),(39,39,5,43),(40,40,4,226),(41,41,5,202),(42,42,3,104),(43,43,2,56),(44,44,1,262),(45,45,4,114),(46,46,2,124),(47,47,1,284),(48,48,2,134),(49,49,4,110),(50,50,5,231),(51,51,3,252),(52,52,1,262),(53,53,3,44),(54,54,4,142),(55,55,5,109),(56,56,5,42),(57,57,1,98),(58,58,2,204),(59,59,1,216),(60,60,4,187),(61,61,1,213),(62,62,3,22),(63,63,5,60),(64,64,5,170),(65,65,4,133),(66,66,2,57),(67,67,1,144),(68,68,3,56),(69,69,4,138),(70,70,1,251),(71,71,2,221),(72,72,3,28),(73,73,4,170),(74,74,4,128),(75,75,4,267),(76,76,3,114),(77,77,1,20),(78,78,2,210),(79,79,5,128),(80,80,4,93),(81,81,3,135),(82,82,2,164),(83,83,5,94),(84,84,4,238),(85,85,3,56),(86,86,1,106),(87,87,2,129),(88,88,4,105),(89,89,5,195),(90,90,2,35),(91,91,3,151),(92,92,1,250),(93,93,2,287),(94,94,5,219),(95,95,1,243),(96,96,1,255),(97,97,3,204),(98,98,5,175),(99,99,4,106),(100,100,5,231),(101,101,1,166),(102,102,3,228),(103,103,5,230),(104,104,3,55),(105,105,2,141),(106,106,1,54),(107,107,1,50),(108,108,4,30),(109,109,5,164),(110,110,5,269),(111,111,2,148),(112,112,3,180),(113,113,2,195),(114,114,1,28),(115,115,4,46),(116,116,1,111),(117,117,2,49),(118,118,3,264),(119,119,1,146),(120,120,5,101),(121,121,3,171),(122,122,1,25),(123,123,4,177),(124,124,5,54),(125,125,4,135),(126,126,1,180),(127,127,3,209),(128,128,4,174),(129,129,5,250),(130,130,5,103),(131,131,1,264),(132,132,3,51),(133,133,5,182),(134,134,3,106),(135,135,4,96),(136,136,5,213),(137,137,4,27),(138,138,2,112),(139,139,4,185),(140,140,1,201),(141,141,5,115),(142,142,2,223),(143,143,3,56),(144,144,1,42),(145,145,5,194),(146,146,1,175),(147,147,2,182),(148,148,5,268),(149,149,5,275),(150,150,4,236),(151,151,3,141),(152,152,2,144),(153,153,3,187),(154,154,5,253),(155,155,5,136),(156,156,2,59),(157,157,4,50),(158,158,2,132),(159,159,4,97),(160,160,5,23),(161,161,1,42),(162,162,2,210),(163,163,5,47),(164,164,1,184),(165,165,4,38),(166,166,2,99),(167,167,4,259),(168,168,3,147),(169,169,1,142),(170,170,2,251),(171,171,2,115),(172,172,1,184),(173,173,2,189),(174,174,4,98),(175,175,5,167),(176,176,1,295),(177,177,4,191),(178,178,2,57),(179,179,1,243),(180,180,4,149),(181,181,3,143),(182,182,1,26),(183,183,2,97),(184,184,5,178),(185,185,4,40),(186,3,1,32),(187,4,2,47),(188,5,3,21),(189,6,4,15),(190,7,5,40),(191,8,1,26),(192,9,2,18),(193,10,3,38),(194,11,4,12),(195,12,5,35),(196,13,1,49),(197,14,2,17),(198,15,3,29),(199,16,4,42),(200,17,5,23),(201,18,1,13),(202,19,2,30),(203,20,3,45),(204,21,4,11),(205,22,5,20),(206,23,1,48),(207,24,2,31),(208,25,3,16),(209,26,4,39),(210,27,5,25),(211,28,1,37),(212,29,2,14),(213,30,3,22),(214,31,4,36),(215,32,5,19),(216,33,1,44),(217,34,2,10),(218,35,3,28),(219,36,4,46),(220,37,5,24),(221,38,1,33),(222,39,2,12),(223,40,3,41),(224,41,4,17),(225,42,5,27),(226,43,1,14),(227,44,2,29),(228,45,3,34),(229,46,4,20),(230,47,5,37),(231,48,1,45),(232,49,2,11),(233,50,3,18),(234,51,4,26),(235,52,5,43),(236,53,1,16),(237,54,2,38),(238,55,3,30),(239,56,4,21),(240,57,5,32),(241,58,1,47),(242,59,2,13),(243,60,3,25),(244,61,4,35),(245,62,5,22),(246,63,1,39),(247,64,2,19),(248,65,3,12),(249,66,4,42),(250,67,5,31),(251,68,1,15),(252,69,2,29),(253,70,3,24),(254,71,4,38),(255,72,5,16),(256,73,1,37),(257,74,2,11),(258,75,3,23),(259,76,4,31),(260,77,5,28),(261,78,1,41),(262,79,2,20),(263,80,3,34),(264,81,4,19),(265,82,5,36),(266,83,1,26),(267,84,2,43),(268,85,3,17),(269,86,4,32),(270,87,5,10),(271,88,1,47),(272,89,2,22),(273,90,3,35),(274,91,4,15),(275,92,5,39),(276,93,1,21),(277,94,2,28),(278,95,3,37),(279,96,4,14),(280,97,5,29),(281,98,1,16),(282,99,2,26),(283,100,3,48),(284,101,4,11),(285,102,5,40),(286,103,1,25),(287,104,2,34),(288,105,3,18),(289,106,4,31),(290,107,5,12),(291,108,1,42),(292,109,2,19),(293,110,3,30),(294,111,4,46),(295,112,5,27),(296,113,1,33),(297,114,2,24),(298,115,3,14),(299,116,4,29),(300,117,5,37),(301,118,1,23),(302,119,2,45),(303,120,3,16),(304,121,4,39),(305,122,5,11),(306,123,1,28),(307,124,2,31),(308,125,3,40),(309,126,4,22),(310,127,5,35),(311,128,1,13),(312,129,2,38),(313,130,3,21),(314,131,4,32),(315,132,5,46),(316,133,1,25),(317,134,2,34),(318,135,3,12),(319,136,4,43),(320,137,5,17),(321,138,1,30),(322,139,2,19),(323,140,3,26),(324,141,4,44),(325,142,5,15),(326,143,1,36),(327,144,2,11),(328,145,3,47),(329,146,4,20),(330,147,5,38),(331,148,1,29),(332,149,2,22),(333,150,3,33),(334,151,4,10),(335,152,5,43),(336,153,1,18),(337,154,2,30),(338,155,3,41),(339,156,4,23),(340,157,5,36),(341,158,1,14),(342,159,2,45),(343,160,3,27),(344,161,4,37),(345,162,5,19),(346,163,1,31),(347,164,2,16),(348,165,3,42),(349,166,4,28),(350,167,5,39),(351,168,1,12),(352,169,2,24),(353,170,3,38),(354,171,4,11),(355,172,5,20),(356,173,1,34),(357,174,2,48),(358,175,3,25),(359,176,4,43),(360,177,5,17),(361,178,1,29),(362,179,2,36),(363,180,3,14),(364,181,4,45),(365,182,5,21),(366,183,1,32),(367,184,2,10),(368,185,3,47);
/*!40000 ALTER TABLE `product_detail` ENABLE KEYS */;
UNLOCK TABLES;
/*!50003 SET @saved_cs_client      = @@character_set_client */ ;
/*!50003 SET @saved_cs_results     = @@character_set_results */ ;
/*!50003 SET @saved_col_connection = @@collation_connection */ ;
/*!50003 SET character_set_client  = utf8mb4 */ ;
/*!50003 SET character_set_results = utf8mb4 */ ;
/*!50003 SET collation_connection  = utf8mb4_0900_ai_ci */ ;
/*!50003 SET @saved_sql_mode       = @@sql_mode */ ;
/*!50003 SET sql_mode              = 'ONLY_FULL_GROUP_BY,STRICT_TRANS_TABLES,NO_ZERO_IN_DATE,NO_ZERO_DATE,ERROR_FOR_DIVISION_BY_ZERO,NO_ENGINE_SUBSTITUTION' */ ;
DELIMITER ;;
/*!50003 CREATE*/ /*!50017 DEFINER=`root`@`localhost`*/ /*!50003 TRIGGER `update_stock_for_products_from_product_detail` AFTER INSERT ON `product_detail` FOR EACH ROW BEGIN
    UPDATE products
    SET quantity_stock = quantity_stock + new.quantity_of_color
    WHERE product_id = new.product_id;
END */;;
DELIMITER ;
/*!50003 SET sql_mode              = @saved_sql_mode */ ;
/*!50003 SET character_set_client  = @saved_cs_client */ ;
/*!50003 SET character_set_results = @saved_cs_results */ ;
/*!50003 SET collation_connection  = @saved_col_connection */ ;

--
-- Table structure for table `products`
--

DROP TABLE IF EXISTS `products`;
/*!40101 SET @saved_cs_client     = @@character_set_client */;
/*!50503 SET character_set_client = utf8mb4 */;
CREATE TABLE `products` (
  `product_id` int NOT NULL AUTO_INCREMENT,
  `product_name` varchar(150) DEFAULT NULL,
  `description` text,
  `quantity_stock` int unsigned DEFAULT NULL,
  `id_port` int DEFAULT NULL,
  `price` decimal(10,2) DEFAULT NULL,
  `img_top` text,
  `ing_mid` text,
  `quantity_sold` int DEFAULT '0',
  PRIMARY KEY (`product_id`),
  KEY `portfolio_fk_1` (`id_port`),
  CONSTRAINT `portfolio_fk_1` FOREIGN KEY (`id_port`) REFERENCES `portfolio` (`id_port`)
) ENGINE=InnoDB AUTO_INCREMENT=186 DEFAULT CHARSET=utf8mb4 COLLATE=utf8mb4_0900_ai_ci;
/*!40101 SET character_set_client = @saved_cs_client */;

--
-- Dumping data for table `products`
--

LOCK TABLES `products` WRITE;
/*!40000 ALTER TABLE `products` DISABLE KEYS */;
INSERT INTO `products` VALUES (3,'Giường Ngủ Gỗ Tràm MOHO VLINE 601',NULL,105,1,7990000.00,'http://product.hstatic.net/200000065946/product/pro_nau_noi_that_moho_giuong_ngu_go_tram_vline_1m8_1_5211e7d2a3da44f58070de291c446400_grande.jpg','http://product.hstatic.net/200000065946/product/pro_nau_noi_that_moho_giuong_ngu_go_tram_vline_1m8_2_09e6f0afa7684efcbb049ae74aa0c183_large.jpg',0),(4,'Tủ Đầu Giường Gỗ MOHO VLINE 801',NULL,271,1,2490000.00,'http://product.hstatic.net/200000065946/product/pro_nau_noi_that_moho_tu_dau_giuong_vline_801_3_e4a191da342a421592e66dbde854ab8a_grande.jpg','http://product.hstatic.net/200000065946/product/pro_nau_noi_that_moho_tu_dau_giuong_vline_801_1_569ac1a7e28c44748f4d018e7a7816cc_large.jpg',0),(5,'Giường Ngủ Gỗ Tràm MOHO DALUMD 301',NULL,113,1,8990000.00,'http://product.hstatic.net/200000065946/product/pro_nau_noi_that_moho_giuong_ngu_go_dalumd_1m6_1_b6335d3cd4fd4c0f9c891772815100d5_grande.jpg','http://product.hstatic.net/200000065946/product/pro_nau_noi_that_moho_giuong_ngu_go_dalumd_1m6_2_6fda307188a34aa0b6481d4c2dff0256_large.jpg',0),(6,'Full Combo Phòng Ngủ MOHO KOSTER',NULL,133,1,20770000.00,'http://product.hstatic.net/200000065946/product/pro_combo_full_combo_1_noi_that_moho_koster__15__3a43a366836b49ee812111da0da9101e_grande.jpg\n','http://product.hstatic.net/200000065946/product/pro_combo_full_combo_1_noi_that_moho_koster__34__761c8b86dece46febab86958c41c02d1_large.jpg\n',0),(7,'Set Tủ Quần Áo Gỗ MOHO VIENNA 201 3 Cánh Kệ Ngăn',NULL,197,1,11980000.00,'http://product.hstatic.net/200000065946/product/pro_mau_tu_nhien_noi_that_moho_tu_quan_ao_vienna_3_canh_1_d56e71335a664caebd06a3c75a42f7cb_grande.jpg\n','http://product.hstatic.net/200000065946/product/pro_trang_noi_that_moho_tu_quan_ao_vienna_3_canh_1_2d8ce18065194195a435854cd3cd8ae4_large.jpg\n',0),(8,'Bàn Trang Điểm Gỗ Đa Năng  MOHO VIENNA 202',NULL,293,1,5490000.00,'http://product.hstatic.net/200000065946/product/pro_mau_tu_nhien_noi_that_moho_combo_ban_va_guong_trang_diem_2_951e4eb74080461aa947ab14bf1a344c_grande.jpg\n','http://product.hstatic.net/200000065946/product/pro_mau_tu_nhien_noi_that_moho_combo_ban_va_guong_trang_diem_4_5b180502b7664ff3891d67b80afb0e98_large.jpg\n',0),(9,'Giường Ngủ Gỗ Cao Su MOHO HOBRO 301',NULL,263,1,10990000.00,'http://product.hstatic.net/200000065946/product/pro_mau_tu_nhien_giuong_ngu_go_hobro_1m6_1_37120a1d90cc4fe599d55ff8bcc57aae_grande.jpg\n','http://product.hstatic.net/200000065946/product/pro_mau_tu_nhien_giuong_ngu_go_hobro_1m6_6_7cc7fdb56e234361b47e4ad2565dba66_large.jpg\n',0),(10,'Full Combo Phòng Ngủ Ubeda 201',NULL,93,1,16360000.00,'http://product.hstatic.net/200000065946/product/pro_mau_tu_nhien_noi_that_moho_full_combo_phong_ngu_ubeda_1_243030d159134a0aac4c2c65c5bda938_grande.jpg\n','http://product.hstatic.net/200000065946/product/pro_full_combo_4_mon_noi_that_moho__8__a6b0be1312ee47729030df32ceeb1530_large.jpg\n',0),(11,'Giường Ngủ Gỗ Tràm MOHO MALAGA 301 V2',NULL,162,1,8990000.00,'http://product.hstatic.net/200000065946/product/pro_nau_noi_that_moho_giuong_ngu_go_malaga_301_1m6_1_852435d386774636a7f9e9c6384e45d9_grande.jpg\n','http://product.hstatic.net/200000065946/product/pro_nau_noi_that_moho_giuong_ngu_go_malaga_301_1m6_2_11938220e9c449b284b28a30e697c5c0_large.jpg\n',0),(12,'Combo Basic Phòng Ngủ Ubeda 201',NULL,248,1,7080000.00,'http://product.hstatic.net/200000065946/product/pro_mau_nau_nau_noi_that_moho_ubeda__40__6b87d8e809af48c5a7ac1c8023847507_grande.jpg\n','http://product.hstatic.net/200000065946/product/pro_mau_nau_nau_noi_that_moho_ubeda__41__da67f97db2164cd994d9c54fa5a94de3_large.jpg\n',0),(13,'Full Combo Phòng Ngủ MOHO LANGO ',NULL,192,1,19870000.00,'http://product.hstatic.net/200000065946/product/pro_noi_that_moho_full_combo_2_lango_mau_nau__38__34c8c40ef7ef4639847632c5e61b9cd6_grande.jpg\n','http://product.hstatic.net/200000065946/product/pro_noi_that_moho_full_combo_2_lango_mau_nau__37__f84fd9a776f141468703229de9a7cb73_large.jpg\n',0),(14,'Giường Ngủ Gỗ MOHO VLINE 601',NULL,232,1,7990000.00,'http://product.hstatic.net/200000065946/product/pro_mau_tu_nhien_noi_that_moho_giuong_ngu_go_soi_vline_601_6_33bb4e7536c548e1bfda6e56681d4c59_grande.jpg\n','http://product.hstatic.net/200000065946/product/pro_mau_tu_nhien_noi_that_moho_giuong_ngu_go_vline_1m6_tam_phan__3f51291ccce642ec9436b7d2e7585d7e_large.jpg\n',0),(15,'Tủ Quần Áo Gỗ 2 Cánh MOHO VIENNA 201',NULL,68,1,7490000.00,'http://product.hstatic.net/200000065946/product/pro_mau_tu_nhien_noi_that_moho_tu_quan_ao_vienna_201_2_a08430a02a7f4b40bfe217016f4fbac8_grande.png\n','http://product.hstatic.net/200000065946/product/pro_trang_tu_quan_ao_vienna_2_canh_1_467a11a7939844999c4b47a8f185146c_large.jpg\n',0),(16,'Tủ Quần Áo Gỗ Kệ Ngăn MOHO VIENNA 201',NULL,162,1,4490000.00,'http://product.hstatic.net/200000065946/product/pro_mau_tu_nhien_tu_quan_ao_vienna_ke_ngan_4_mau_1_d20e0536701e44f884fb79d0a459df1f_grande.jpg\n','http://product.hstatic.net/200000065946/product/pro_trang_noi_that_moho_tu_quan_ao_ke_ngan_vienna_00e0f0d0d57d4699b510c655a0e6afd0_large.jpg\n',0),(17,'Tủ Đầu Giường Gỗ MOHO VIENNA',NULL,299,1,1590000.00,'http://product.hstatic.net/200000065946/product/pro_mau_tu_nhien_noi_that_moho_tu_dau_giuong_vienna_1_ec62678e4488474cbe84fe001dfd1d6d_grande.jpg\n','http://product.hstatic.net/200000065946/product/pro_nau_noi_that_moho_tu_dau_giuong_go_vienna_11_1cf34a3495f94cf18caf7676db5a1fd6_large.jpg\n',0),(18,'Tủ Quần Áo Gỗ MOHO VLINE',NULL,76,1,5490000.00,'http://product.hstatic.net/200000065946/product/pro_mau_tu_nhien_tu_quan_ao_vline_601_52cm_5_1__e4782a62d42545d2a74d2643af3b8058_grande.png\n','http://product.hstatic.net/200000065946/product/pro_mau_tu_nhien_tu_quan_ao_vline_601_52cm_8_d2b6a02f8339469c862846b9cf622573_large.png\n',0),(19,'Giường Ngủ Gỗ Tràm MOHO MALAGA 302 ',NULL,286,1,5990000.00,'http://product.hstatic.net/200000065946/product/pro_nau_noi_that_moho_giuong_ngu_go_tram_malaga_302_12_b323fac7406b42e8bfc0f7dae9fa0861_grande.jpg\n','http://product.hstatic.net/200000065946/product/pro_nau_noi_that_moho_giuong_ngu_malaga_302_2_a6249b3c1f08402db36d91b8998e08dc_large.png\n',0),(20,'Tủ Đầu Giường Gỗ MOHO VLINE 801',NULL,102,1,4490000.00,'http://product.hstatic.net/200000065946/product/pro_mau_tu_nhien_noi_that_moho_tu_dau_giuong_vline_1_9153ef95eb024e4ab35bbfce46902d47_grande.jpg\n','http://product.hstatic.net/200000065946/product/pro_mau_tu_nhien_noi_that_moho_tu_dau_giuong_vline_2_75a79e9e516a45979a9ed51731a56d11_large.jpg\n',0),(21,'Tủ Quần Áo Gỗ Thanh Treo MOHO VIENNA 201',NULL,169,1,4560000.00,'http://product.hstatic.net/200000065946/product/an_ao_thanh_treo_vienna_201_1_87005e5958b04fe5a56725fdd9386f8f_large_1_f10eff8c27c045f1a07f323f2301fff1_grande.png\n','http://product.hstatic.net/200000065946/product/vienna_wardrobe_wh_1_t_a83658e2de2646539026fd63ff700c7d_large.png\n',0),(22,'Tủ Đầu Giường Gỗ MOHO MALAGA 302',NULL,241,1,1990000.00,'http://product.hstatic.net/200000065946/product/pro_nau_noi_that_moho_tu_dau_giuong_go_malaga_11_5d5a9d11ac614b00946d60582f2c367d_grande.jpg\n','http://product.hstatic.net/200000065946/product/pro_nau_noi_that_moho_tu_dau_giuong_go_moho_malaga_1_8db02102b89346b79bb4963c4077f146_large.jpg\n',0),(23,'Tủ Quần Áo Gỗ 2 Cánh MOHO VIENNA Tay Nắm 201',NULL,232,1,7490000.00,'http://product.hstatic.net/200000065946/product/pro_mau_tu_nhien_noi_that_moho_tu_quan_ao_vienna_2_canh_5_beae67954a3643248f59f3f71fb40c11_grande.jpg\n','http://product.hstatic.net/200000065946/product/pro_trang_noi_that_moho_tu_quan_ao_vienna_2_canh_2_af67f75ac3ed474d962b094351fa81a7_large.jpg\n',0),(24,'Bàn Trang Điểm Gỗ Đa Năng MOHO VIENNA 202',NULL,60,1,5490000.00,'http://product.hstatic.net/200000065946/product/pro_nau_noi_that_moho_combo_ban_va_guong_trang_diem_vienna_6_0fc676db143c4193bcc6135dac83e0c0_grande.jpg\n','http://product.hstatic.net/200000065946/product/pro_nau_noi_that_moho_combo_ban_va_guong_trang_diem_vienna_7_529097c0e38245f3abcc98e78e700426_large.jpg\n',0),(25,'Giường Ngủ Gỗ Tràm MOHO HOBRO 301',NULL,233,1,10990000.00,'http://product.hstatic.net/200000065946/product/pro_nau_noi_that_moho_giuong_ngu_go_hobro_7_4d7fea1dcf184dbd89fe301f120e7020_grande.jpg\n','http://product.hstatic.net/200000065946/product/pro_nau_noi_that_moho_giuong_ngu_go_hobro_9_45ca39a5d0e44073a26b84786735a5b3_large.jpg\n',0),(26,'Giường Ngủ Gỗ Tự Nhiên Mây Mắt Cáo MOHO FIJI 401',NULL,106,1,11490000.00,'http://product.hstatic.net/200000065946/product/pro_1m6_noi_that_moho_giuong_ngu_fiji_15_e663e013686f4676a934ed031520b8a3_grande.jpg\n','http://product.hstatic.net/200000065946/product/pro_1m6_noi_that_moho_giuong_ngu_fiji_16_afa5c7ab68264a158682a92e40f470bf_large.jpg\n',0),(27,'Tủ Đầu Giường Gỗ MOHO HOBRO 301',NULL,109,1,2990000.00,'http://product.hstatic.net/200000065946/product/pro_nau_noi_that_moho_tu_dau_giuong_go_hobro_6_05dfc411382849f9b736251471040645_grande.jpg\n','http://product.hstatic.net/200000065946/product/pro_mau_tu_nhien_tu_dau_giuong_go_hobro_1_9a1b4beea10e4160a68f13c93e9f9c9c_large.jpg\n',0),(28,'Tủ Quần Áo Gỗ Thanh Treo MOHO VIENNA Tay Nắm 201',NULL,136,1,4490000.00,'http://product.hstatic.net/200000065946/product/pro_mau_tu_nhien_phoi_trang_noi_that_moho_tu_quan_ao_vienna_2_8396ce2916c443628e113ddff27172be_grande.jpg\n','http://product.hstatic.net/200000065946/product/pro_nau_noi_that_moho_tu_quan_ao_vienna_tay_nam_thanh_treo_3_f7bbaa49c78949ec91dbbef4e5e4f77f_large.jpg\n',0),(29,'Tủ Quần Áo Gỗ Kệ Ngăn MOHO VIENNA Tay Nắm 201',NULL,240,1,4490000.00,'http://product.hstatic.net/200000065946/product/pro_mau_tu_nhien_phoi_trang_noi_that_moho_tu_quan_ao_vienna_2_c11fd59199d442bdbea6c7b05db95a8e_grande.jpg\n','http://product.hstatic.net/200000065946/product/pro_trang_noi_that_moho_tu_quan_ao_vienna_2_a646ea461caf4dabb22352e6b782eca6_large.jpg\n',0),(30,'Set Tủ Quần Áo Gỗ MOHO VLINE 601 3 cánh',NULL,117,1,14980000.00,'http://product.hstatic.net/200000065946/product/pro_mau_tu_nhien_noi_that_moho_tu_quan_ao_vline_1_1__81f8232b0d4f40ba89954fb956330511_grande.png\n','http://product.hstatic.net/200000065946/product/pro_mau_tu_nhien_noi_that_moho_tu_quan_ao_vline_22_c953280f58114833b2f619701c2c4abc_large.png\n',0),(31,'Set Tủ Quần Áo Gỗ MOHO VIENNA 201 4 Cánh',NULL,221,1,16470000.00,'http://product.hstatic.net/200000065946/product/pro_mau_tu_nhien_tu_quan_ao_vienna_4_canh_1_0532c75cef6f48a680e931c3f3dc8f80_grande.jpg\n','http://product.hstatic.net/200000065946/product/pro_trang_noi_that_moho_tu_quan_ao_go_vienna_4_canh_51c246e54cec4995b08f829780df7b89_large.jpg\n',0),(32,'Set Tủ Quần Áo Gỗ MOHO VIENNA 201 2 Cánh',NULL,90,1,8980000.00,'http://product.hstatic.net/200000065946/product/pro_mau_tu_nhien_tu_quan_ao_vienna_2_canh_noi_that_moho_3_bdde336565bc49b89effae2bb5a671a1_grande.jpg\n','http://product.hstatic.net/200000065946/product/_vienna_2_canh_noi_that_moho_1_19c6f07bc192436e99db48d67cf779d3_master_8de219a5448248ea9b6d1bdf2dedc317_large.jpg\n',0),(33,'Tủ Đầu Giường Gỗ Mây Mắt Cáo MOHO FIJI 401',NULL,211,1,2990000.00,'http://product.hstatic.net/200000065946/product/pro_nau_noi_that_moho_tu_dau_giuong_fiji_6_35ad0c5d75404bb7ab1ace0a5b2571bf_grande.jpg\n','http://product.hstatic.net/200000065946/product/pro_nau_noi_that_moho_tu_dau_giuong_fiji_1_0572fbe2e7d74966bbcccba2e31329aa_large.jpg\n',0),(34,'Set Tủ Quần Áo Gỗ MOHO VIENNA Tay Nắm 201 3 Cánh Kệ Ngăn',NULL,177,1,11980000.00,'http://product.hstatic.net/200000065946/product/pro_go_phoi_trang_noi_that_moho_tu_quan_ao_go_3_canh_vienna_1_319c205cfc4b40ca92034d7c0c92ff96_grande.jpg\n','http://product.hstatic.net/200000065946/product/pro_mau_tu_nhien_noi_that_moho_tu_quan_ao_go_3_canh_vienna_1_b0f896e7f94b4cfca2ad59ad2d6c7bb2_large.jpg\n',0),(35,'Tủ Quần Áo Gỗ 2 Cánh MOHO FIJI 401',NULL,184,1,12990000.00,'http://product.hstatic.net/200000065946/product/pro_version_1_noi_that_moho_tu_quan_ao_go_fiji_4bc69dec61bc4e3c95461b0411502a69_grande.jpg\n','http://product.hstatic.net/200000065946/product/pro_version_1_noi_that_moho_tu_quan_ao_go_fiji_2_1a863bddadf347e1a1b8b5f2104392c6_large.jpg\n',0),(36,'Tủ Gỗ Kệ Ngăn MOHO VIENNA 201 2 Màu',NULL,281,1,3990000.00,'http://product.hstatic.net/200000065946/product/pro_trang_noi_that_moho_tu_ke_ngan_05_2dddbd16595b4d7a86f94a3044090afb_grande.png\n','http://product.hstatic.net/200000065946/product/pro_mau_tu_nhien_tu_go_ke_ngan_vienna_noi_that_moho_f580a650c58a4bac82ed03d7970fc62f_large.png\n',0),(37,'Tủ Quần Áo Gỗ  MOHO HOBRO 301 2 Cánh',NULL,76,1,10990000.00,'http://product.hstatic.net/200000065946/product/pro_nau_noi_that_moho_tu_quan_ao_hobro_2_canh_1m_11_bfd21c90a0df429a81d138a1175119ad_grande.png\n','http://product.hstatic.net/200000065946/product/pro_nau_noi_that_moho_tu_quan_ao_hobro_2_canh_1m_62_2cb26c1737a347d9b57e988f55ab26b8_large.png\n',0),(38,'Set Tủ Quần Áo Gỗ MOHO VIENNA 201 3 Cánh Thanh Treo',NULL,115,1,11980000.00,'http://product.hstatic.net/200000065946/product/pro_mau_tu_nhien_noi_that_moho_tu_quan_ao_go_3_canh_2_b0e873cfd31e48058b5702db721cb9c4_grande.jpg\n','http://product.hstatic.net/200000065946/product/pro_nau_noi_that_moho_tu_quan_ao_go_3_canh_3_d5d9b5bfcc8242d28a9bd5d643afc6f8_large.jpg\n',0),(39,'Giường Ngủ Gỗ Tự Nhiên MOHO FYN 601',NULL,55,1,8990000.00,'http://product.hstatic.net/200000065946/product/pro_mau_tu_nhien_noi_that_moho_giuong_ngu_go_fyn_1m6_10_1666d1a167914598871d72cf8e7a1f48_grande.jpg\n','http://product.hstatic.net/200000065946/product/pro_mau_tu_nhien_noi_that_moho_giuong_ngu_go_fyn_1m6_1_6d6a72a3c3374249bba78130c901bd97_large.jpg\n',0),(40,'Set Tủ Quần Áo Gỗ MOHO VIENNA Tay Nắm 201 4 Cánh',NULL,267,1,16470000.00,'http://product.hstatic.net/200000065946/product/pro_nau_noi_that_moho_set_tu_quan_ao_go_vienna_4_canh_5_f1b27c9b507c448dad6d219b99582efb_grande.jpg\n','http://product.hstatic.net/200000065946/product/pro_mau_tu_nhien_tu_quan_ao_vienna_4_canh_3_33b22e05d205460f9548af133d4cea8d_large.jpg\n',0),(41,'Tủ Quần Áo Gỗ HOBRO 301 Kệ Ngăn',NULL,219,1,5990000.00,'http://product.hstatic.net/200000065946/product/pro_nau_noi_that_moho_tu_quan_ao_hobro_ngan_ke_57_df5a6255a3994aff9aa418b44c52d27b_grande.png\n','http://product.hstatic.net/200000065946/product/pro_nau_noi_that_moho_tu_quan_ao_hobro_ngan_ke_59_a3dd179343c54f78a9fc11ec54cacfd5_large.png\n',0),(42,'Set Tủ Quần Áo Gỗ MOHO VIENNA Tay Nắm 201 3 Cánh Thanh Treo',NULL,131,1,11980000.00,'http://product.hstatic.net/200000065946/product/pro_mau_tu_nhien_noi_that_moho_tu_quan_ao_go_3_canh_3_c2b0d255799a4ab3a470325643c484da_grande.jpg\n','http://product.hstatic.net/200000065946/product/pro_go_phoi_trang_noi_that_moho_tu_quan_ao_go_3_canh_3_612840c79230435a90e03c90428383ed_large.jpg\n',0),(43,'Set Tủ Quần Áo Gỗ MOHO VIENNA Tay Nắm 201 2 Cánh ',NULL,70,1,8980000.00,'http://product.hstatic.net/200000065946/product/pro_nau_noi_that_moho_tu_quan_ao_2_canh_vienna_tay_nam_3_578baad5656d4beaa68027c3d7909efc_grande.jpg\n','http://product.hstatic.net/200000065946/product/pro_mau_tu_nhien_noi_that_moho_tu_quan_ao_go_vienna_2_7f2c5a13369742aca5d1ac1519d5a0ae_large.jpg\n',0),(44,'Combo Basic Phòng Ngủ Grenaa 201',NULL,291,1,7580000.00,'http://product.hstatic.net/200000065946/product/pro_mau_nau_noi_that_grenaa_moho__7__69d231891277473fbe532e1af7244cbb_grande.jpg\n','http://product.hstatic.net/200000065946/product/pro_mau_nau_noi_that_grenaa_moho__9__8655792041d844a8b588bc00727622c4_large.jpg\n',0),(45,'Giường Ngủ Gỗ Cao Su MOHO NEXO 301',NULL,148,1,9990000.00,'http://product.hstatic.net/200000065946/product/pro_1m6_noi_that_moho_giuong_ngu_go_nexo_5_f88ff1a1e1d94022b149e16db8175665_grande.jpg\n','http://product.hstatic.net/200000065946/product/pro_1m6_noi_that_moho_giuong_ngu_go_nexo_6_761f5767164f45d69333610e6cf977a2_large.jpg\n',0),(46,'Tủ Quần Áo Gỗ HOBRO 301 Thanh Treo',NULL,144,1,5990000.00,'http://product.hstatic.net/200000065946/product/pro_nau_noi_that_moho_tu_quan_ao_hobro_thanh_treo_16_548b78107c5440aaa76b11be1c015b6e_grande.png\n','http://product.hstatic.net/200000065946/product/pro_nau_noi_that_moho_tu_quan_ao_hobro_thanh_treo_19_f496209c02e940009744b97b5a80e66e_large.png\n',0),(47,'Combo Basic Phòng Ngủ Ubeda 201',NULL,321,1,17960000.00,'http://product.hstatic.net/200000065946/product/pro_mau_tu_nhien_noi_that_moho_combo_basic_phong_ngu_ubeda_1_1ec8feaf56f5496a8fb52c4aa3c57688_grande.jpg\n','http://product.hstatic.net/200000065946/product/pro_mau_tu_nhien_noi_that_ubeda__14__b9ee7afa9862429c9655c1d056ab281f_large.jpg\n',0),(48,'Full Combo Phòng Ngủ Grenaa 201',NULL,179,1,16060000.00,'http://product.hstatic.net/200000065946/product/pro_full_combo_4_mon_noi_that_grenaa_moho__46__3eb1628e11c447d08bf81ff202bd9fe8_grande.jpg\n','http://product.hstatic.net/200000065946/product/pro_mau_nau_noi_that_grenaa_moho__17__04f231cfc45d45f9b66b7fa2c2332922_large.jpg\n',0),(49,'Giường Ngủ Gỗ Bọc Nệm 2 Trong 1 MOHO NISSET',NULL,121,1,16060000.00,'http://product.hstatic.net/200000065946/product/pro_mau_tu_nhien_noi_that_moho_giuong_ngu_go_boc_nem_nisset_adba30dd979747caa1bfaba08bcb90ef_grande.jpg\n','http://product.hstatic.net/200000065946/product/pro_mau_tu_nhien_noi_that_moho_giuong_ngu_go_boc_nem_nisset_2_0aec71daa6614a828b996efab378beae_large.jpg\n',0),(50,'Full Combo Phòng Ngủ Narvik 201 Màu Tự Nhiên',NULL,249,1,11980000.00,'http://product.hstatic.net/200000065946/product/pro_mau_tu_nhien_noi_that_moho_narvik__12__73b304a2d4fd4c1b98ae4f12f99bab2e_grande.jpg\n','http://product.hstatic.net/200000065946/product/pro_combo_day_du_4_mon_noi_that_moho_narvik__36__b66a0bce8222400f85a4d353cad12fb0_large.jpg\n',0),(51,'Full Combo Phòng Ngủ Narvik 201 Màu Nâu',NULL,278,1,6780000.00,'http://product.hstatic.net/200000065946/product/pro_mau_nau_noi_that_moho_narvik_bedroom_full_fd59ed676d614b188e681b729b4771af_grande.jpg\n','http://product.hstatic.net/200000065946/product/pro_full_combo_4_mon_noi_that_moho_narvik__7__531c446a20204bfc9cdfe5080dc5201d_large.jpg\n',0),(52,'Set Tủ Quần Áo MOHO HOBRO 301 3 Cánh Ngăn Kệ',NULL,305,1,10280000.00,'http://product.hstatic.net/200000065946/product/pro_nau_noi_that_moho_tu_quan_ao_hobro_3_canh_1m5_26_c198c0aeae2848bc95511760e1566899_grande.png\n','http://product.hstatic.net/200000065946/product/pro_nau_noi_that_moho_tu_quan_ao_hobro_3_canh_1m5_30_3544e165d6dd4a388af36db7b131e9d7_large.png\n',0),(53,'Set Tủ Quần Áo Gỗ MOHO HOBRO 301 4 Cánh',NULL,60,1,16980000.00,'http://product.hstatic.net/200000065946/product/pro_nau_noi_that_moho_tu_quan_ao_hobro_4_canh_2m_2_fa93cf40bd4d4daaa3fb8408a2a1281b_grande.png\n','http://product.hstatic.net/200000065946/product/pro_nau_noi_that_moho_tu_quan_ao_hobro_4_canh_2m_3_f2442ef6d3a74db7b2769e7beb16c699_large.png\n',0),(54,'Set Tủ Quần Áo Gỗ MOHO HOBRO 301 2 Cánh',NULL,180,1,10670000.00,'http://product.hstatic.net/200000065946/product/pro_nau_noi_that_moho_tu_quan_ao_hobro_2_canh_1m_20_2362be8605d8485b95efeffc54e3b447_grande.png\n','http://product.hstatic.net/200000065946/product/pro_nau_noi_that_moho_tu_quan_ao_hobro_2_canh_1m_21_ede4cb5d52b84257a6359dd9d01ebdd8_large.png\n',0),(55,'Combo Basic Phòng Ngủ Narvik 201 Màu Tự Nhiên',NULL,139,1,6780000.00,'http://product.hstatic.net/200000065946/product/pro_mau_tu_nhien_noi_that_moho_narvik__15__3991cbf77ad8488fb644eef67a08790c_grande.jpg\n','http://product.hstatic.net/200000065946/product/pro_mau_tu_nhien_noi_that_moho_narvik__16__7af779d558c24249b1826325fe931275_large.jpg\n',0),(56,'Combo Basic Phòng Ngủ MOHO KOSTER Màu Nâu',NULL,63,1,15680000.00,'http://product.hstatic.net/200000065946/product/pro_combo_bs_1_noi_that_moho_koster_9017545cd40c40938f498a421ad6f8b4_grande.jpg\n','http://product.hstatic.net/200000065946/product/pro_combo_bs_2_noi_that_moho_koster_5d81d72f4b4f42c5b748466af5c146cc_large.jpg\n',0),(57,'Set Tủ Quần Áo Gỗ MOHO HOBRO 301 3 Cánh Thanh Treo',NULL,130,1,12680000.00,'http://product.hstatic.net/200000065946/product/pro_nau_noi_that_moho_tu_quan_ao_hobro_3_canh_1m5_8_3219fa946ce34d74ba14e9f30a277c74_grande.png\n','http://product.hstatic.net/200000065946/product/pro_nau_noi_that_moho_tu_quan_ao_hobro_3_canh_1m5_9_5b7eb1cf58d149c8afbb04552420a6f0_large.png\n',0),(58,'Combo Basic Phòng Khách Ubeda 201 Màu Tự Nhiên',NULL,251,1,9680000.00,'http://product.hstatic.net/200000065946/product/pro_mau_tu_nhien_noi_that_ubeda__2__0751602717d349749631b9a7ee3b8f14_grande.jpg\n','http://product.hstatic.net/200000065946/product/pro_mau_tu_nhien_noi_that_moho_combo_basic_phong_khach_ubeda_1_9e1100c9218b422d8538ee08a66968aa_large.jpg\n',0),(59,'Combo Basic Phòng Ngủ Narvik 201 Màu Nâu',NULL,229,1,11500000.00,'http://product.hstatic.net/200000065946/product/pro_mau_nau_noi_that_moho_narvik_livingroom_giuong_ngu_9f419d98ab9248e2a9c74174a31b434e_grande.jpg\n','http://product.hstatic.net/200000065946/product/pro_mau_nau_noi_that_moho_narvik_bedroom_basic_be140b79191f493a8eb6a03ddc137f19_large.jpg\n',0),(60,'Combo Basic Phòng Ngủ MOHO LANGO Màu Nâu Cam',NULL,212,1,8000000.00,'http://product.hstatic.net/200000065946/product/pro_noi_that_moho_combo_bs_1_lango_mau_nau__11__1998f30489954abcb7518e5dbd3ac31f_grande.jpg\n','http://product.hstatic.net/200000065946/product/pro_noi_that_moho_combo_bs_1_lango_mau_nau__12__f6d42d5709e7454d9f376e7b6da0e60b_large.jpg\n',0),(61,'Ghế Sofa Gỗ Tràm Tự Nhiên MOHO VLINE 601',NULL,248,3,11490000.00,'http://product.hstatic.net/200000065946/product/pro_nau_noi_that_moho_ghe_sofa_go_vline_dem_be_1_810c604bcf444eb095ef1546816221bc_grande.jpg\n','http://product.hstatic.net/200000065946/product/pro_nau_noi_that_moho_ghe_sofa_go_vline_dem_be_2_d671600bc3dd49df994de39312f4ff8b_large.jpg\n',0),(62,'Bàn Sofa – Bàn Cafe – Bàn Trà  Gỗ MOHO OSLO 901',NULL,44,3,2190000.00,'http://product.hstatic.net/200000065946/product/pro_mau_nau_noi_that_moho_ban_sofa_oslo_6_14bae974e064425da9300e562dcfafc6_grande.jpg\n','http://product.hstatic.net/200000065946/product/pro_mau_tu_nhien_noi_that_moho_ban_tra_sofa_oslo_5_025c05179c0c4b57be0e9b1360dba566_large.jpg\n',0),(63,'Kệ Gỗ – Kệ Sách MOHO OSLO 901',NULL,99,3,2490000.00,'http://product.hstatic.net/200000065946/product/pro_nau_noi_that_moho_tu_ke_sach_oslo_1_f79051e471794a8898e67db56b0aa26a_grande.jpg\n','http://product.hstatic.net/200000065946/product/pro_mau_tu_nhien_noi_that_moho_tu_ke_sach_oslo_1_b95178561732462186e05fcfb42a8b4a_large.jpg\n',0),(64,'Ghế Sofa Gỗ Cao Su Tự Nhiên MOHO VLINE 601',NULL,189,3,11490000.00,'http://product.hstatic.net/200000065946/product/pro_mau_tu_nhien_noi_that_moho_ghe_sofa_go_vline_1_6fd2522f70c04d5fbd326e587f30ddb7_grande.jpg\n','http://product.hstatic.net/200000065946/product/pro_mau_tu_nhien_noi_that_moho_ghe_sofa_go_vline_2_fd17330202d6414e95e09745f040fa8c_large.jpg\n',0),(65,'Bàn Sofa – Bàn Cafe – Bàn Trà Tròn Cao Gỗ MOHO OSLO 901',NULL,145,3,990000.00,'http://product.hstatic.net/200000065946/product/pro_nau_noi_that_moho_ban_tra_tron_cao_oslo_1_85235a0421f74987a776f913a38c86b8_grande.jpg\n','http://product.hstatic.net/200000065946/product/pro_mau_tu_nhien_noi_that_moho_ban_tra_tron_cao_oslo_1_68ecf9b7cf6443d4b77ce573c67eac8a_large.jpg\n',0),(66,'Tủ Giày – Tủ Trang Trí Gỗ MOHO OSLO 901',NULL,99,3,3490000.00,'http://product.hstatic.net/200000065946/product/pro_mau_tu_nhien_noi_that_moho_tu_giay_oslo_901_4_aa6deab03e374e7c8417afa33c8d70ec_grande.jpg\n','http://product.hstatic.net/200000065946/product/pro_nau_noi_that_moho_tu_giay_oslo_1_b2851b06fa6d4981aea1c37dba19e71b_large.jpg\n',0),(67,'Tủ Kệ Tivi Gỗ MOHO OSLO 201',NULL,175,3,3490000.00,'http://product.hstatic.net/200000065946/product/pro_nau_noi_that_moho_tu_ke_tivi_go_oslo__201_3_273e68b8cf4a4a2fa4a4866b937c73b9_grande.jpg\n','http://product.hstatic.net/200000065946/product/pro_mau_tu_nhien_noi_that_moho_ke_tu_tivi_go_oslo_201_ededb2c5246f49d18e7bad7e95dc7442_large.jpg\n',0),(68,'Kệ Gỗ – Kệ Sách MOHO OSLO 902',NULL,71,3,2790000.00,'http://product.hstatic.net/200000065946/product/pro_nau_noi_that_moho_tu_ke_sach_oslo_902_1_6406ed833ec24335b4396a3edd0509a4_grande.jpg\n','http://product.hstatic.net/200000065946/product/pro_mau_tu_nhien_noi_that_moho_ke_sach_oslo_902_1_3eab0d05eb284b87acde51e4f6b75c3c_large.jpg\n',0),(69,'Full Combo Phòng Khách Grenaa 201 Màu Nâu',NULL,167,3,10960000.00,'http://product.hstatic.net/200000065946/product/pro_mau_nau_noi_that_grenaa_moho__26__25945458ba02412192ab68c2c04cb81e_grande.jpg\n','http://product.hstatic.net/200000065946/product/pro_mau_nau_noi_that_grenaa_moho__36__d3e99e87f7b04bd3b18ca7410e18a3ac_large.jpg\n',0),(70,'Full Combo Phòng Khách MOHO LANGO Màu Nâu Cam',NULL,275,3,22850000.00,'http://product.hstatic.net/200000065946/product/pro_nau_noi_that_moho_combo_phong_khach_lango_mau_nau__19__196fd869c1af475e8198ec2ef4fb421c_grande.jpg\n','http://product.hstatic.net/200000065946/product/pro_nau_noi_that_moho_combo_phong_khach_lango_mau_nau__21__3e6cd2fa3c3b4972b739f7498f4d75c6_large.jpg\n',0),(71,'Combo Basic Phòng Khách MOHO LANGO Màu Nâu Cam',NULL,259,3,15670000.00,'http://product.hstatic.net/200000065946/product/pro_noi_that_moho_combo_bs_1_lango_mau_nau__25__35770572d8d24fa79731fa12e4b148af_grande.jpg\n','http://product.hstatic.net/200000065946/product/pro_noi_that_moho_combo_bs_1_lango_mau_nau__12__8e2c159b78104dab98b16860ccd07297_large.jpg\n',0),(72,'Combo Basic Phòng Khách Grenaa 201 Màu Nâu',NULL,44,3,8670000.00,'http://product.hstatic.net/200000065946/product/pro_mau_nau_noi_that_grenaa_moho__6__61db852f8da44555ab56bc3eb1e11448_grande.jpg\n','http://product.hstatic.net/200000065946/product/pro_mau_nau_noi_that_grenaa_moho__2__ab3fc9ded04c4f5b8840dfdcd23af42f_large.jpg\n',0),(73,'Full Combo Phòng Khách Narvik 201 Màu Tự Nhiên',NULL,207,3,13060000.00,'http://product.hstatic.net/200000065946/product/pro_mau_tu_nhien_noi_that_moho_full_combo_narvik__1__dbf183ed714f46968999199979123ba2_grande.jpg\n','http://product.hstatic.net/200000065946/product/pro_mau_tu_nhien_noi_that_moho_narvik__6__59ff257ceb32449298394d6650182f61_large.jpg\n',0),(74,'Combo Basic Phòng Khách Narvik 201 Màu Nâu',NULL,139,3,10070000.00,'http://product.hstatic.net/200000065946/product/pro_mau_nau_noi_that_moho_narvik_livingroom_basic_1_89ac244d12b6487c9191f26d359302f3_grande.jpg\n','http://product.hstatic.net/200000065946/product/pro_mau_nau_noi_that_moho_narvik__5__e2244e908e64436fbc45976da120ea7e_large.jpg\n',0),(75,'Combo Basic Phòng Khách Narvik 201 Màu Tự Nhiên',NULL,290,3,10070000.00,'http://product.hstatic.net/200000065946/product/pro_mau_tu_nhien_noi_that_moho_narvik__8__b68b0f7c19c347ccbf1a684d1f2e0804_grande.jpg\n','http://product.hstatic.net/200000065946/product/pro_mau_tu_nhien_noi_that_moho_narvik__9__7e2543066f8544ea948ef572ee13e7a1_large.jpg\n',0),(76,'Full Combo Phòng Khách Narvik 201 Màu Nâu',NULL,145,3,13060000.00,'http://product.hstatic.net/200000065946/product/pro_mau_nau_noi_that_moho_narvik_livingroom_full_d817b1f747df4c088f3aac13a135a875_grande.jpg\n','http://product.hstatic.net/200000065946/product/pro_mau_nau_noi_that_moho_narvik__5__e9695f708bdf46479eaad7c4d701bf08_large.jpg\n',0),(77,'Full Combo Phòng Khách Ubeda 201 Màu Tự Nhiên',NULL,48,3,13260000.00,'http://product.hstatic.net/200000065946/product/pro_mau_tu_nhien_noi_that_ubeda__7__78e0cdb3e32848d39f9b8f2463fca450_grande.jpg\n','http://product.hstatic.net/200000065946/product/pro_mau_tu_nhien_noi_that_moho__34__c2aba3cc49ac428c9df81fc84c57165c_large.jpg\n',0),(78,'Combo Basic Phòng Khách Ubeda 201 Màu Nâu',NULL,251,3,10670000.00,'http://product.hstatic.net/200000065946/product/pro_mau_nau_nau_noi_that_moho_ubeda__31__fe9f7cec37344929bdbbc89314a13247_grande.jpg\n','http://product.hstatic.net/200000065946/product/pro_mau_nau_nau_noi_that_moho_ubeda__30__f597341d283043aa8d44c1a845d6e965_large.jpg\n',0),(79,'Bàn Sofa - Bàn Cafe - Bàn Trà Gỗ  MOHO VLINE 501',NULL,148,3,2490000.00,'http://product.hstatic.net/200000065946/product/pro_mau_tu_nhien_noi_that_moho_ban_sofa_vline_501_1_0bdb9fe421b244b899ddcb7212a2474e_grande.jpg\n','http://product.hstatic.net/200000065946/product/pro_mau_tu_nhien_noi_that_moho_ban_sofa_vline_501_2_58439f95981f4f4ebe9bd161da5f42e4_large.jpg\n',0),(80,'Bàn Sofa – Bàn Cafe – Bàn Trà Gỗ Cao Su MOHO MILAN 601 Xám',NULL,127,3,649000.00,'http://product.hstatic.net/200000065946/product/pro_xam_noi_that_moho_ban_sofa_verona_07_37e02ac56dd941388889956b65089a3a_grande.jpg\n','http://product.hstatic.net/200000065946/product/pro_xam_noi_that_moho_ban_sofa_verona_01_f646e77276b542109b6c296cc19c8816_large.png\n',0),(81,'Tủ Kệ Tivi Gỗ MOHO VLINE 301',NULL,154,3,4990000.00,'http://product.hstatic.net/200000065946/product/pro_mau_tu_nhien_noi_that_moho_ke_tu_tivi_go_vline_301_1_eaa4c675e03f479d8eda5b9f5d43a221_grande.jpg\n','http://product.hstatic.net/200000065946/product/pro_mau_tu_nhien_noi_that_moho_ke_tu_tivi_go_vline_301_2_6c18907bbc3845ab98307cac8469e92b_large.jpg\n',0),(82,'Tủ Kệ Tivi Gỗ Tràm MOHO VLINE 301',NULL,200,3,13570000.00,'http://product.hstatic.net/200000065946/product/pro_nau_noi_that_moho_tu_ke_tivi_vline_1_6f199eeb82c04d3bac2d13441410a04c_grande.jpg\n','http://product.hstatic.net/200000065946/product/pro_nau_noi_that_moho_tu_ke_tivi_vline_5_e2bdea792fd740efae89933464c62a01_large.jpg\n',0),(83,'Combo Cơ Bản Phòng Khách MOHO KOSTER Màu Nâu',NULL,120,3,649000.00,'http://product.hstatic.net/200000065946/product/pro_nau_noi_that_moho_full_combo_phong_khach_moho_koster_mau_nau__3__bcd0d56791274ce1a41feaa8b3835951_grande.jpg\n','http://product.hstatic.net/200000065946/product/pro_nau_noi_that_moho_full_combo_phong_khach_moho_koster_mau_nau__4__e578abe06f0a4b1686c731475702f468_large.jpg\n',0),(84,'Bàn Sofa – Bàn Cafe – Bàn Trà Gỗ Cao Su MOHO MILAN 602',NULL,281,3,599000.00,'http://product.hstatic.net/200000065946/product/pro_mau_tu_nhien_noi_that_moho_ban_sofa__ban_tra_go_cao_su_milan_601_3_5a7dd5037ac24566bc8fe457b7586de1_grande.jpg\n','http://product.hstatic.net/200000065946/product/pro_mau_tu_nhien_noi_that_moho_ban_sofa__ban_tra_go_cao_su_milan_601_5530fe0428d64d1aac342df6ed735e21_large.jpg\n',0),(85,'Bàn Sofa – Bàn Cafe – Bàn Trà Gỗ Cao Su MOHO MILAN 601 Trắng',NULL,73,3,1248000.00,'http://product.hstatic.net/200000065946/product/pro_trang_xam_noi_that_moho_ban_sofa_verona_06_41c7041c2ef34574b8dd2242f0cee229_grande.jpg\n','http://product.hstatic.net/200000065946/product/pro_trang_noi_that_moho_ban_sofa_verona_e65ae61004a3440080e5df4cb02bd05c_large.png\n',0),(86,'Set 2 Bàn Sofa – Bàn Cafe – Bàn Trà Gỗ Cao Su MOHO MILAN 601',NULL,138,3,2490000.00,'http://product.hstatic.net/200000065946/product/pro_trang_xam_noi_that_moho_set_2_ban_sofa_milan_602_1_44ce4340a4764520a5754ffc2934687e_grande.jpg\n','http://product.hstatic.net/200000065946/product/pro_trang_noi_that_moho_ban_sofa_verona_e65ae61004a3440080e5df4cb02bd05c_large.png\n',0),(87,'Bàn Sofa – Bàn Cafe – Bàn Trà Tròn Gỗ MOHO OSLO 901',NULL,139,3,16560000.00,'http://product.hstatic.net/200000065946/product/pro_mau_tu_nhien_ban_tra_sofa_go_tron_oslo_1_263a4ddc3999406b8c3ad6fe4120b654_grande.jpg\n','http://product.hstatic.net/200000065946/product/pro_nau_noi_that_moho_ban_tra_sofa_oslo_thap_1_333ac61545404cd4a1dae3e0353af6f3_large.jpg\n',0),(88,'Full Combo Phòng Khách MOHO KOSTER Màu Nâu',NULL,152,3,3890000.00,'http://product.hstatic.net/200000065946/product/pro_nau_noi_that_moho_full_combo_phong_khach_moho_koster_mau_nau__2__d9528f4c0add435aba432a2b8c3f4050_grande.jpg\n','http://product.hstatic.net/200000065946/product/pro_nau_noi_that_moho_full_combo_phong_khach_moho_koster_mau_nau__3__79236484a797401ab31eb579016f8f7b_large.jpg\n',0),(89,'Tủ Giày - Tủ Trang Trí Gỗ MOHO VLINE 601',NULL,217,3,3890000.00,'http://product.hstatic.net/200000065946/product/pro_mau_tu_nhien_noi_that_moho_tu_giay_vline_601_1_8b3e99a2fffd48e08c8af6cff65d9d5a_grande.jpg\n','http://product.hstatic.net/200000065946/product/pro_mau_tu_nhien_noi_that_moho_tu_giay_vline_601_2_88b206daa68f46e287a46de989d983f7_large.jpg\n',0),(90,'Tủ Giày - Tủ Trang Trí Gỗ Tràm MOHO VLINE 601',NULL,70,3,16490000.00,'http://product.hstatic.net/200000065946/product/pro_nau_noi_that_moho_tu_giay_vline_601_1_3c16cf25f44b4e8b806ea944f6208851_grande.jpg\n','http://product.hstatic.net/200000065946/product/pro_nau_noi_that_moho_tu_giay_vline_601_2_4f64efd93b8d4d429463a9a2edf8b5f5_large.jpg\n',0),(91,'Ghế Sofa Gỗ Cao Su Tự Nhiên MOHO FYN 901',NULL,166,3,5490000.00,'http://product.hstatic.net/200000065946/product/pro_nau_noi_that_moho_ghe_sofa_go_fyn_1_378dd5ac4c794910983fb706d13c5f1d_grande.jpg\n','http://product.hstatic.net/200000065946/product/pro_mau_tu_nhien_noi_that_moho_ghe_sofa_fyn_901_2_913919888ddd4e10a79384ac3c15b107_large.jpg\n',0),(92,'Tủ Giày – Tủ Trang Trí Gỗ MOHO VIENNA 203',NULL,289,3,2590000.00,'http://product.hstatic.net/200000065946/product/pro_mau_tu_nhien_noi_that_moho_tu_giay_trang_tri_vienna_203_12_e9fe0918025d44deac0bde625eea0b02_grande.jpg\n','http://product.hstatic.net/200000065946/product/pro_nau_phoi_trang_noi_that_moho_tu_giay_trang_tri_vienna_203_6_ffe11700e6034bf080290180beb95ebb_large.jpg\n',0),(93,'Ghế Đôn Sofa Gỗ Cao Su Tự Nhiên MOHO VLINE 601 Màu Xám Đậm',NULL,308,3,14490000.00,'http://product.hstatic.net/200000065946/product/pro_mau_tu_nhien_ghe_don_sofa_vline_6_613d5321857749a18eb5a04daa561634_grande.jpg\n','http://product.hstatic.net/200000065946/product/pro_nau_ghe_don_sofa_vline_6_1faf0d01e56c4850ac41dbb5d62ec8ee_large.jpg\n',0),(94,'Ghế Sofa Gỗ Cao Su Tự Nhiên MOHO FIJI 401',NULL,247,3,11490000.00,'http://product.hstatic.net/200000065946/product/pro_nau_noi_that_moho_ghe_sofa_go_fiji_1_e962937714bb42b4b8c5d31c72123940_grande.jpg\n','http://product.hstatic.net/200000065946/product/pro_nau_noi_that_moho_ghe_sofa_go_fiji_2_cc38bf94a7ec410486eb39b65d219086_large.jpg\n',0),(95,'Ghế Sofa Gỗ Tràm Tự Nhiên MOHO VLINE 601 Màu Xám Đậm',NULL,280,3,4490000.00,'http://product.hstatic.net/200000065946/product/pro_nau_noi_that_moho_ghe_sofa_go_tram_vline_1_f51cf41f4609452480eb6983c9411a2f_grande.jpg\n','http://product.hstatic.net/200000065946/product/pro_nau_noi_that_moho_ghe_sofa_go_tram_vline_2_f340298f1ed44b7abb8d36953ea28e10_large.jpg\n',0),(96,'Tủ Giày – Tủ Trang Trí Gỗ MOHO VIENNA 204',NULL,269,3,3490000.00,'http://product.hstatic.net/200000065946/product/pro_mau_tu_nhien_noi_that_moho_tu_giay_trang_tri_vienna_204_8_7e15674147ae4ba08031d4c6c1fd828f_grande.jpg\n','http://product.hstatic.net/200000065946/product/pro_go_phoi_trang_noi_that_moho_tu_giay_trang_tri_vienna_204_8_6f353000f2334f2c892e3129ec917c10_large.jpg\n',0),(97,'Tủ Giày – Tủ Trang Trí Gỗ MOHO VIENNA 201',NULL,233,3,3480000.00,'http://product.hstatic.net/200000065946/product/pro_mau_tu_nhien_noi_that_moho_tu_giay_trang_tri_vienna_201_12_dd796a7ecf18424db966a92d3151c9ac_grande.jpg\n','http://product.hstatic.net/200000065946/product/pro_goi_phoi_trang_noi_that_moho_tu_giay_trang_tri_vienna_201_12_b8c789cd8a4f4061bd8365f377492729_large.jpg\n',0),(98,'Set 2 Bàn Sofa – Bàn Trà Tròn Gỗ MOHO OSLO 901',NULL,191,3,3790000.00,'http://product.hstatic.net/200000065946/product/pro_nau_noi_that_moho_set_ban_tra_sofa_oslo_1_f0021fb1071e4b2e9c357f2ed39539e6_grande.jpg\n','http://product.hstatic.net/200000065946/product/pro_mau_tu_nhien_set_ban_tra_sofa_oslo_1_c86f4782ca23457799af9af77ef72555_large.jpg\n',0),(99,'Bàn Sofa - Bàn Cafe - Bàn Trà Tròn Gỗ MOHO FIJI 402',NULL,132,3,6790000.00,'http://product.hstatic.net/200000065946/product/pro_nau_noi_that_moho_ban_tra_sofa_fiji_6_6bb71364999b4a578cc0eb3ccfeeb358_grande.jpg\n','http://product.hstatic.net/200000065946/product/pro_nau_noi_that_moho_ban_tra_sofa_fiji_1_0a7ce1f1035b44ee9dd4007cd6c694a2_large.jpg\n',0),(100,'Ghế Sofa Gỗ Tràm Tự Nhiên MOHO KOLDING 701',NULL,279,3,16790000.00,'http://product.hstatic.net/200000065946/product/pro_nau_noi_that_moho_ghe_sofa_go_kolding_2m_6_d3e3051f0be24df6bb8d9ffd75a2eb7f_grande.jpg\n','http://product.hstatic.net/200000065946/product/pro_nau_noi_that_moho_ghe_sofa_go_kolding_2m_1_71f7d2ea41b1467cb24d53ff1ff32674_large.jpg\n',0),(101,'Bàn Sofa - Bàn Cafe - Bàn Trà Gỗ MOHO KOLDING 701',NULL,177,3,3590000.00,'http://product.hstatic.net/200000065946/product/pro_nau_noi_that_moho_ban_tra_sofa_kolding_1_1c8586697e0a4906a49fb4c8aa55a8a4_grande.jpg\n','http://product.hstatic.net/200000065946/product/pro_nau_noi_that_moho_ban_tra_sofa_kolding_2_3efc898077aa4f9c80a4f2ab7ad3813a_large.jpg\n',0),(102,'Ghế Sofa Gỗ Cao Su Tự Nhiên MOHO VLINE 601 Màu Xám Đậm',NULL,268,3,11490000.00,'http://product.hstatic.net/200000065946/product/pro_mau_tu_nhien_noi_that_moho_ghe_sofa_go_vline_1_4a3275a5eb5746a99684aed9c8f60496_grande.jpg\n','http://product.hstatic.net/200000065946/product/pro_mau_tu_nhien_noi_that_moho_ghe_sofa_go_vline_3_495e79a2cf7543cfb0c9030d03ba50be_large.jpg\n',0),(103,'Tủ Giày – Tủ Trang Trí Gỗ MOHO VIENNA 202',NULL,255,3,3990000.00,'http://product.hstatic.net/200000065946/product/pro_mau_tu_nhien_noi_that_moho_tu_giay_trang_tri_vienna_202_8_bcd6914fcfd048a7a919c1fae66f38ec_grande.jpg\n','http://product.hstatic.net/200000065946/product/pro_nau_noi_that_moho_tu_giay_trang_tri_vienna_202_1_3c7560472ed04b658f543c5b32e3a4c9_large.jpg\n',0),(104,'Ghế sofa góc MOHO VLINE 601 màu xám đậm',NULL,89,3,7490000.00,'http://product.hstatic.net/200000065946/product/pro_mau_tu_nhien_noi_that_moho_ghe_don_sofa_vline_xam_dam_6_10e1b80fc9784af785a95d69687280ec_grande.jpg\n','http://product.hstatic.net/200000065946/product/pro_nau_noi_that_moho_ghe_don_sofa_vline_xam_dam_6_b4bebceb74b6436087f52c9429c19395_large.jpg\n',0),(105,'Ghế Sofa Gỗ Cao Su Tự Nhiên MOHO MOSS 601',NULL,159,3,15490000.00,'http://product.hstatic.net/200000065946/product/pro_mau_tu_nhien_noi_that_moho_ghe_sofa_go_moss_7_341dd5d8244d4ce9a613b50684acd1fe_grande.jpg\n','http://product.hstatic.net/200000065946/product/pro_mau_tu_nhien_noi_that_moho_ghe_sofa_go_moss_1_3021688117804b1883b14b85b9f12c42_large.jpg\n',0),(106,'Tủ Kệ TiVi Gỗ MOHO FIJI 401',NULL,85,3,6290000.00,'http://product.hstatic.net/200000065946/product/pro_nau_noi_that_moho_tu_ke_tivi_fiji_6_372c1b0a7a5d4624a408804cfb11a123_grande.jpg\n','http://product.hstatic.net/200000065946/product/pro_nau_noi_that_moho_tu_ke_tivi_fiji_1_8a6fdec750b04d48a95cef8f7074e941_large.jpg\n',0),(107,'Ghế Sofa Góc Chữ L Gỗ Cao Su Tự Nhiên MOHO VLINE 601',NULL,62,3,18980000.00,'http://product.hstatic.net/200000065946/product/pro_nau_noi_that_moho_ghe_sofa_vline_sofa_goc_be_2_5cf711b51ccc48d7902ee5a5d3ce8539_grande.jpg\n','http://product.hstatic.net/200000065946/product/pro_mau_tu_nhien_ghe_sofa_vline_kem_sofa_goc_be_1_0ac1562789ed45b7a3cce976b8e81033_large.jpg\n',0),(108,'Tủ Kệ Tivi Gỗ MOHO HOBRO 201',NULL,72,3,6990000.00,'http://product.hstatic.net/200000065946/product/pro_nau_noi_that_moho_tu_ke_tivi_go_hobro_1_db78f422934c48dab1af19419fcb0652_grande.jpg\n','http://product.hstatic.net/200000065946/product/pro_nau_noi_that_moho_tu_ke_tivi_go_hobro_3_b833459d228c4223a02c9eea8eae7e86_large.jpg\n',0),(109,'Ghế Sofa Góc Chữ L Gỗ Cao Su Tự Nhiên MOHO VLINE 601 Kèm Đôn',NULL,183,3,21570000.00,'http://product.hstatic.net/200000065946/product/pro_mau_tu_nhien_noi_that_moho_combo_ghe_sofa_vline_be_1_a1892ee0d68f4079b36a5a1579c15a6f_grande.jpg\n','http://product.hstatic.net/200000065946/product/ok1_617ec88619f84356b80ba734b9008557_large.jpg\n',0),(110,'Tủ Kệ Tivi Gỗ MOHO KOLDING 702',NULL,299,3,6490000.00,'http://product.hstatic.net/200000065946/product/pro_nau_noi_that_moho_tu_ke_tivi_kolding_1_85628cac95344a59bcf705e71eaf7a36_grande.jpg\n','http://product.hstatic.net/200000065946/product/pro_nau_noi_that_moho_tu_ke_tivi_kolding_8_38258528204041e995215e2c9c95210a_large.jpg\n',0),(111,'Vỏ Bọc Nệm Sofa MOHO VLINE Màu Be',NULL,194,3,9890000.00,'http://product.hstatic.net/200000065946/product/pro_ghe_don_vai_boc_3_mau_1_5d08ee598cb34da083e09a66575b1627_grande.jpg\n','http://product.hstatic.net/200000065946/product/pro_ghe_don_vai_boc_3_mau_2_a315393a570e4ea5aa902bedf28e94c1_large.jpg\n',0),(112,'Tủ Kệ Tivi Gỗ MOHO ODENSE 601',NULL,207,3,15990000.00,'http://product.hstatic.net/200000065946/product/pro_cam_dat_noi_that_moho_tu_ke_tivi_go_odense_1_7e38c3d35dd0414f8d9172e3f0f1f1bf_grande.png\n','http://product.hstatic.net/200000065946/product/pro_cam_dat_noi_that_moho_tu_ke_tivi_go_odense_2_b6735ac21e65472ea2ff2dc335fbfa3b_large.png\n',0),(113,'Ghế Sofa Gỗ Cao Su Tự Nhiên MOHO HOBRO 601',NULL,228,3,15490000.00,'http://product.hstatic.net/200000065946/product/pro_nau_noi_that_moho_ghe_sofa_go_moho_hobro_3_22217ef0e9b249ba8a4d365613051c0d_grande.jpg\n','http://product.hstatic.net/200000065946/product/pro_nau_noi_that_moho_ghe_sofa_go_moho_hobro_4_ced6d37e932c479a897d31ea6b19a38d_large.jpg\n',0),(114,'Vỏ Bọc Nệm Sofa MOHO VLINE Màu Xám Đậm',NULL,52,3,1490000.00,'http://product.hstatic.net/200000065946/product/pro_ghe_don_vai_boc_3_mau_1_79262a9a8d484ef3abe91411b84ea6fe_grande.jpg\n','http://product.hstatic.net/200000065946/product/pro_ghe_don_vai_boc_3_mau_2_b3d75ff35bbc46f8991f4397303a0e48_large.jpg\n',0),(115,'Bàn Sofa – Bàn Cafe – Bàn Trà Gỗ MOHO ODENSE 601',NULL,60,3,5990000.00,'http://product.hstatic.net/200000065946/product/pro_cam_dat_noi_that_moho_ban_tra_sofa_go_odense_1_b8c62f429bb84917afcf77459cccc545_grande.jpg\n','http://product.hstatic.net/200000065946/product/pro_cam_dat_noi_that_moho_ban_tra_sofa_go_odense_2_03c3eef7a6aa4e81b7efda3e17573c99_large.jpg\n',0),(116,'Vỏ Bọc Nệm Sofa MOHO VLINE Màu Xanh Lá',NULL,140,3,1490000.00,'http://product.hstatic.net/200000065946/product/pro_ghe_don_vai_boc_3_mau_1_b2ebfed5b31a4e0a9c22f735eee582b8_grande.jpg\n','http://product.hstatic.net/200000065946/product/pro_ghe_don_vai_boc_3_mau_2_2a66c83e600749e79e8820192faf1147_large.jpg\n',0),(117,'Ghế Sofa MOHO LEEDS 701',NULL,86,3,12500000.00,'http://product.hstatic.net/200000065946/product/pro_xanh_duong_noi_that_moho_ghe_sofa_go_leeds_5_717684bef5cf493db5d7edf78d315fd5_grande.jpg\n','http://product.hstatic.net/200000065946/product/pro_xanh_duong_noi_that_moho_ghe_sofa_go_leeds_7_a38b97ef0dee4c54a85f264d1de00c7e_large.jpg\n',0),(118,'Ghế Đôn Sofa Gỗ Cao Su Tự Nhiên MOHO FYN 601',NULL,287,3,2500000.00,'http://product.hstatic.net/200000065946/product/noi-that-moho-ghe-don-sofa-fyn-601-bo-ban-ghe_e3416720f77d4e12a1acad36d44c2ff0_grande.jpg\n','http://product.hstatic.net/200000065946/product/noi-that-moho-ghe-don-sofa-fyn-601-phong-khach_2af67383ad70419e8b1133f50dffa2fe_large.jpg\n',0),(119,'Tủ Kệ Tivi Gỗ MOHO LEEDS 701',NULL,191,3,6540000.00,'http://product.hstatic.net/200000065946/product/pro_go_phoi_den_noi_that_moho_tu_ke_tivi_leeds_9_1c34f9c4f4db42538bef96a6d18e6790_grande.jpg\n','http://product.hstatic.net/200000065946/product/pro_go_phoi_den_noi_that_moho_tu_ke_tivi_leeds_10_5c560b144ac34fa89747f7a3b12f642c_large.jpg\n',0),(120,'Bàn Sofa - Bàn Cafe - Bàn Trà Gỗ MOHO HOBRO 601',NULL,117,3,4680000.00,'http://product.hstatic.net/200000065946/product/pro_nau_noi_that_moho_ban_tra_sofa_go_hobro_7_9766a2a8c7ad4e848b65f91994b39f65_grande.jpg\n','http://product.hstatic.net/200000065946/product/pro_nau_noi_that_moho_ban_tra_sofa_go_hobro_6_4dbf82a85c7a48aeb97491fe58658a50_large.jpg\n',0),(121,'Ghế Đôn Sofa Gỗ Tràm Tự Nhiên MOHO KOLDING 701',NULL,210,3,3490000.00,'http://product.hstatic.net/200000065946/product/pro_nau_noi_that_moho_ghe_don_sofa_kolding_701_1_32d14bd4bc0c4d3586ca2560723d7da8_grande.jpg','http://product.hstatic.net/200000065946/product/pro_nau_noi_that_moho_ghe_don_sofa_kolding_701_2_3249ff5d18154951a5809aaf1cf1d69d_large.jpg',0),(122,'Ghế Sofa Gỗ Cao Su Tự Nhiên MOHO FREDERICIA 601',NULL,36,3,14490000.00,'http://product.hstatic.net/200000065946/product/pro_xanh_duong_noi_that_moho_ghe_sofa_go_fredercia_2_ee9c691e9d694d4db7627ecd10c747ef_grande.jpg','http://product.hstatic.net/200000065946/product/pro_xanh_duong_noi_that_moho_ghe_sofa_go_fredercia_1_9e538a2f53bd4a28a870fa7e41334d3f_large.jpg',0),(123,'Ghế Sofa Gỗ Cao Su Tự Nhiên MOHO TROMSO 601',NULL,205,3,19490000.00,'http://product.hstatic.net/200000065946/product/pro_den_noi_that_moho_ghe_sofa_go_tromso_ba9591dc9737442cbd9733f4538c8268_grande.jpg','http://product.hstatic.net/200000065946/product/pro_den_noi_that_moho_ghe_sofa_go_tromso_1_100ec0cb5f994e728fdfe33b1e15163b_large.jpg',0),(124,'Ghế Ăn Gỗ Cao Su Tự Nhiên MOHO OSLO 601',NULL,85,2,1990000.00,'http://product.hstatic.net/200000065946/product/pro_nau_noi_that_moho_ghe_an_oslo_dem_xam_6_b8922c5413504a1b9796513aa9ae7e05_grande.jpg\n','http://product.hstatic.net/200000065946/product/pro_nau_noi_that_moho_ghe_an_oslo_dem_xam_2_faf632438e2e4f629477ba9fb9b9e27a_large.jpg\n',0),(125,'Ghế Ăn Gỗ Cao Su Tự Nhiên MOHO VLINE 601',NULL,175,2,1990000.00,'http://product.hstatic.net/200000065946/product/pro_mau_tu_nhien_noi_that_moho_ghe_an_vline_1_d3141504a3164161ab891983182514b1_grande.jpg\n','http://product.hstatic.net/200000065946/product/pro_nau_noi_that_moho_ghe_an_go_vline_1_45bc1d6b3e4a4e2c8f126af544a079d3_large.jpg\n',0),(126,'Ghế Ăn Gỗ Cao Su Tự Nhiên MOHO FYN',NULL,202,2,2190000.00,'http://product.hstatic.net/200000065946/product/pro_nau_noi_that_moho_ghe_an_go_fyn_1_ce95b219df3e41cca26fcc19204802e5_grande.jpg\n','http://product.hstatic.net/200000065946/product/pro_mau_tu_nhien_noi_that_moho_ghe_an_go_cao_su_fyn__4__6f72ede2ef024d89b2643dd0d9b41e1f_large.jpg\n',0),(127,'Ghế Ăn Gỗ Cao Su Tự Nhiên MOHO ODESSA',NULL,244,2,1990000.00,'http://product.hstatic.net/200000065946/product/pro_nau_noi_that_moho_ghe_an_go_odessa_7_39298378f71a4db6a4a1d23f838584c3_grande.jpg\n','http://product.hstatic.net/200000065946/product/pro_mau_tu_nhien_ghe_an_go_odessa_1_01b52ed53c6e4bde816ef6b26d6dbf0b_large.jpg\n',0),(128,'Ghế Ăn Gỗ Cao Su Tự Nhiên MOHO MILAN 601 Màu Nâu',NULL,187,2,1990000.00,'http://product.hstatic.net/200000065946/product/pro_nau_ghe_an_go_milan_1_ac2aae2b06094ab595210f7bcdb0e47f_grande.jpg\n','http://product.hstatic.net/200000065946/product/pro_nau_ghe_an_go_milan_2_5e8bb12735a54808a4b91e3b89d6a37f_large.jpg\n',0),(129,'Ghế Băng Dài Gỗ Cao Su Tự nhiên MOHO VLINE 602',NULL,288,2,2090000.00,'http://product.hstatic.net/200000065946/product/pro_mau_tu_nhien_noi_that_moho_ghe_bang_vline_1_4397fc25ea9a4bdc96761186e1c88adc_grande.jpg\n','http://product.hstatic.net/200000065946/product/pro_nau_noi_that_moho_ghe_bang_vline_4_98daf48c69cd4e37ab2c024fd2495e1a_large.jpg\n',0),(130,'Ghế Ăn Gỗ Cao Su Tự Nhiên MOHO MILAN 601 Màu Gỗ',NULL,124,2,1990000.00,'http://product.hstatic.net/200000065946/product/pro_mau_tu_nhien_noi_that_moho_ghe_an_go_milan_1_91168f57e14c4b13abab1a297c8c4172_grande.jpg\n','http://product.hstatic.net/200000065946/product/pro_mau_tu_nhien_noi_that_moho_ghe_an_go_milan_2_81326775d6bc4e079e9dd4dee7d32799_large.jpg\n',0),(131,'Ghế Băng Tựa Gỗ Cao Su Tự nhiên MOHO VLINE 601',NULL,296,2,2890000.00,'http://product.hstatic.net/200000065946/product/pro_mau_tu_nhien_noi_that_moho_ghe_bang_dai_vline_1_072a458d988f4a77a56a210258fe0a51_grande.jpg\n','http://product.hstatic.net/200000065946/product/pro_nau_noi_that_moho_ghe_bang_dai_vline_1_5561393c6ec04a998718ad44ad3a34f3_large.jpg\n',0),(132,'Bàn Ăn Gỗ Cao Su MOHO OSLO 901',NULL,97,2,4490000.00,'http://product.hstatic.net/200000065946/product/pro_mau_tu_nhien_noi_that_moho_ban_an_go_oslo_1_356b08ca04f84e61bbb8d8a11c4e1732_grande.jpg\n','http://product.hstatic.net/200000065946/product/pro_nau_noi_that_moho_ban_an_go_oslo_1_3f960b4bbdfc4155a86c08179ecf9185_large.jpg\n',0),(133,'Bàn Ăn Gỗ MOHO MILAN 901 Màu Gỗ',NULL,207,2,3690000.00,'http://product.hstatic.net/200000065946/product/pro_mau_tu_nhien_noi_that_moho_ban_an_go_milan_1m25_2_296dcb2c609f40ea9f3032f515910a46_grande.jpg\n','http://product.hstatic.net/200000065946/product/pro_nau_noi_that_moho_ban_an_go_milan_1m25_1_58f07a1618a2498c9254135d2b9d6f6b_large.jpg\n',0),(134,'Bàn Ăn Gỗ Cao Su Tự Nhiên MOHO VLINE 601 1m6',NULL,140,2,4590000.00,'http://product.hstatic.net/200000065946/product/pro_mau_tu_nhien_noi_that_moho_ban_an_go_vlne_1_28f0ed08289b49d39640efc9a9b9daab_grande.jpg\n','http://product.hstatic.net/200000065946/product/pro_nau_noi_that_moho_ban_an_go_vlne_1_d2e44e48f6af47e78f5cc7c9f6ffeee2_large.jpg\n',0),(135,'Bộ Bàn Ăn Gỗ Cao Su Tự Nhiên MOHO VLINE 601',NULL,108,2,8770000.00,'http://product.hstatic.net/200000065946/product/pro_mau_tu_nhien_noi_that_moho_bo_ban_an_vline_1_d4aca5341d40427ea5531d40ad73e0ca_grande.jpg\n','http://product.hstatic.net/200000065946/product/pro_nau_noi_that_moho_bo_ban_an_go_cao_su_vline_1_9553669134d649c798587ad6abb2b073_large.jpg\n',0),(136,'Ghế Ăn Gỗ Cao Su Tự Nhiên MOHO VERONA 601',NULL,256,2,1990000.00,'http://product.hstatic.net/200000065946/product/pro_be_noi_that_moho_ghe_an_go_verona_6_8df157b011af44ca9449c3589655cde8_grande.jpg\n','http://product.hstatic.net/200000065946/product/pro_xam_dam_noi_that_moho_ghe_an_go_verona_6_ee2bdedcb19242e7a8c223495b4db722_large.jpg\n',0),(137,'Bộ Bàn Ăn Gỗ 4 Ghế Cao Su MOHO OSLO 601',NULL,44,2,12450000.00,'http://product.hstatic.net/200000065946/product/pro_mau_tu_nhien_noi_that_moho_bo_ban_an_oslo_4_ghe_oslo_9a996d424eeb437d83252f45e5152ea7_grande.jpg\n','http://product.hstatic.net/200000065946/product/pro_nau_noi_that_moho_bo_ban_an_go_oslo_4_ghe_oslo_1_052430bc1fd94c8ba2d6726183dbc50e_large.jpg\n',0),(138,'Bàn Ăn Gỗ Cao Su Tự Nhiên MOHO VLINE 601 90cm',NULL,142,2,3000000.00,'http://product.hstatic.net/200000065946/product/pro_mau_tu_nhien_noi_that_moho_ban_an_go_vline_1_9df7881d851c42c8a03db074f60690fe_grande.jpg\n','http://product.hstatic.net/200000065946/product/pro_nau_noi_that_moho_ban_an_go_vline_1_76372a7bc28943bb9eb8f11b9d67f768_large.jpg\n',0),(139,'Ghế Ăn Gỗ Cao Su Tự Nhiên MOHO MALAGA 601',NULL,204,2,1990000.00,'http://product.hstatic.net/200000065946/product/pro_mau_tu_nhien_noi_that_moho_ghe_an_go_malaga_13_06c8020a16a14ecfae5aebf50c33ebbc_grande.jpg\n','http://product.hstatic.net/200000065946/product/pro_mau_tu_nhien_noi_that_moho_ghe_an_go_malaga_2_1d1e41a113b8426f8b10b93138373d7f_large.jpg\n',0),(140,'Ghế Ăn Gỗ Cao Su Tự Nhiên MOHO NEXO 601',NULL,227,2,1990000.00,'http://product.hstatic.net/200000065946/product/pro_cam_dat_ghe_an_go_cao_su_tu_nhien_nexo_5_c9157e6776b3472ab8d4447e41600fb1_grande.jpg\n','http://product.hstatic.net/200000065946/product/pro_mau_tu_nhien_ghe_an_go_cao_su_tu_nhien_nexo_5_c5f69203517e43acb14dd1a0e6d0e27a_large.jpg\n',0),(141,'Bộ Bàn Ăn 4 Ghế Gỗ MOHO MILAN 901 (1m25)',NULL,159,2,11650000.00,'http://product.hstatic.net/200000065946/product/pro_mau_tu_nhien_noi_that_moho_bo_ban_an_milan_4_ghe_oslo_901_4_cebc39261df04cfa9262bdf8550c784e_grande.jpg\n','http://product.hstatic.net/200000065946/product/pro_mau_tu_nhien_noi_that_moho_bo_ban_an_milan_4_ghe_odessa_901__4__9b162939d2484ce68c1aedc3ea9d6669_large.jpg\n',0),(142,'Bàn Ăn Gỗ Cao Su Tự Nhiên MOHO VLINE 602',NULL,238,2,5190000.00,'http://product.hstatic.net/200000065946/product/pro_mau_tu_nhien_noi_that_moho_ban_an_vline_75cm_10_042d4586934f494f9f67ccea60dad0d5_grande.jpg\n','http://product.hstatic.net/200000065946/product/pro_nau_noi_that_moho_ban_an_go_vline_1_3a90bd7182de436d8451eb56f73adfd3_large.jpg\n',0),(143,'Bộ Bàn Ăn 2 Ghế Gỗ Cao Su Tự Nhiên MOHO VLINE 601',NULL,92,2,6970000.00,'http://product.hstatic.net/200000065946/product/pro_mau_tu_nhien_noi_that_moho_bo_ban_an_vline_1_6d67e41e519c411f997ae51046375410_grande.jpg\n','http://product.hstatic.net/200000065946/product/pro_nau_noi_that_moho_bo_ban_an_vline_1_c2652ee64fbe48a9b3b4009fe195fba0_large.jpg\n',0),(144,'Ghế Ăn Gỗ Cao Su Tự Nhiên MOHO SORO 601',NULL,53,2,1990000.00,'http://product.hstatic.net/200000065946/product/pro_mau_tu_nhien_noi_that_moho_ghe_an_go_soro_4_32d2521ecd964852a584e44bddbd29b1_grande.jpg\n','http://product.hstatic.net/200000065946/product/pro_mau_tu_nhien_noi_that_moho_ghe_an_go_soro_1_e7e2d7b4517942338daf1b85abf3ab84_large.jpg',0),(145,'Ghế Ăn Gỗ Cao Su Tự Nhiên MOHO VIBORG 601',NULL,241,2,1990000.00,'http://product.hstatic.net/200000065946/product/pro_mau_tu_nhien_noi_that_moho_ghe_an_go_viborg_trang_2_5efa21cd78474fd988ae3a938ac29642_grande.jpg\n','http://product.hstatic.net/200000065946/product/pro_nau_noi_that_moho_ghe_an_go_viborg_xam_nhat_1_de6f540bae76431cb97df15b1fb7b883_large.jpg',0),(146,'Combo Basic Phòng Ăn Narvik 201 Màu Tự Nhiên',NULL,195,2,7150000.00,'http://product.hstatic.net/200000065946/product/pro_mau_tu_nhien_noi_that_moho_narvik__10__e84698ebcf7045e9b05d7d7809d153c3_grande.jpg\n','http://product.hstatic.net/200000065946/product/pro_mau_tu_nhien_noi_that_moho_narvik__5__f33e4b574a24404ca97d9fe0da2ff24d_large.jpg',0),(147,'Combo Basic Phòng Ăn Grenaa 201 Màu Nâu',NULL,220,2,6450000.00,'http://product.hstatic.net/200000065946/product/pro_mau_nau_noi_that_grenaa_moho__13__7b36d81feb2f406caa970117eda1ffef_grande.jpg\n','http://product.hstatic.net/200000065946/product/pro_mau_nau_noi_that_grenaa_moho__34__dcfd5d53026349a5b07acdac68a1f582_large.jpg',0),(148,'Combo Basic Phòng Ăn Ubeda 201 Màu Tự Nhiên',NULL,297,2,7750000.00,'http://product.hstatic.net/200000065946/product/pro_mau_tu_nhien_noi_that_moho_combo_basic_phong_an_ubeda_2_bba57728e757449f90861373bd3ce8be_grande.jpg\n','http://product.hstatic.net/200000065946/product/pro_mau_tu_nhien_noi_that_ubeda__23__84f15ae0a2bf4da6aa6ce3ad41caeb69_large.jpg',0),(149,'Combo Basic Phòng Ăn Ubeda 201 Màu Nâu',NULL,297,2,7750000.00,'http://product.hstatic.net/200000065946/product/pro_mau_nau_nau_noi_that_moho_ubeda__16__3f90ae17a5dc45d69679a1c9b65f99a7_grande.jpg\n','http://product.hstatic.net/200000065946/product/pro_mau_nau_nau_noi_that_moho_ubeda__35__47a83a446eb54a988e366b3d437f4414_large.jpg',0),(150,'Combo Basic Phòng Ăn Narvik 201 Màu Nâu',NULL,269,2,7150000.00,'http://product.hstatic.net/200000065946/product/pro_mau_nau_noi_that_moho_narvik_diningroom_basic_0359beecfdec4d98a88a9abfce22cba3_grande.jpg\n','http://product.hstatic.net/200000065946/product/pro_mau_nau_noi_that_moho_narvik__16__5091a6061db54cba8902ba657cca8f07_large.jpg',0),(151,'Bộ Bàn Ăn Gỗ Cao Su Tự Nhiên MOHO VLINE 602 (75cm)',NULL,151,2,13150000.00,'http://product.hstatic.net/200000065946/product/pro_mau_tu_nhien_bo_ban_an_vline_4_ghe_odessa_1_f454ff9a7c594124a385d1f0a7236ee5_grande.jpg\n','http://product.hstatic.net/200000065946/product/pro_mau_tu_nhien_bo_ban_an_vline_4_ghe_malaga_2_2c32349c158346daab94bf66b1816061_large.jpg',0),(152,'Bộ Bàn Ăn Gỗ 6 Ghế Cao Su MOHO OSLO 601',NULL,187,2,16430000.00,'http://product.hstatic.net/200000065946/product/pro_mau_tu_nhien_noi_that_moho_bo_ban_an_oslo_6_ghe_oslo_1_054e2af61f224796aba9656935051e34_grande.jpg\n','http://product.hstatic.net/200000065946/product/pro_mau_tu_nhien_noi_that_moho_bo_ban_an_oslo_6_ghe_oslo_2_f40e4707eb5c4428b4813cb325636a4c_large.jpg',0),(153,'Bàn Ăn Gỗ Tràm Tự Nhiên MOHO NYBORG 301',NULL,205,2,5990000.00,'http://product.hstatic.net/200000065946/product/pro_den_noi_that_moho_ban_an_go_nyborg_5_0dddf596994f443c8b575cfe573afc61_grande.jpg\n','http://product.hstatic.net/200000065946/product/pro_den_noi_that_moho_ban_an_go_nyborg_6_c55ca9a6feab482991c5e641fab21ba7_large.jpg',0),(154,'Combo Phòng Ăn MOHO KOSTER Màu Nâu',NULL,283,2,11050000.00,'http://product.hstatic.net/200000065946/product/pro_nau_noi_that_moho_combo_phong_an_moho_koster_mau_nau_444_69fba7541b9d43ac9d6459bb7cb6f4eb_grande.jpg\n','http://product.hstatic.net/200000065946/product/pro_nau_noi_that_moho_combo_phong_an_moho_koster_mau_nau__4__753a0abf326f448b958c193c46d18780_large.jpg',0),(155,'Combo Phòng Ăn MOHO LANGO Màu Nâu Cam',NULL,177,2,8550000.00,'http://product.hstatic.net/200000065946/product/pro_nau_noi_that_moho_combo_phong_an_lango_mau_nau__2__9868ce937af6489092b46a4b9fdb7c67_grande.jpg\n','http://product.hstatic.net/200000065946/product/pro_combo_phong_an_moho_lango_mau_nau_cam_mau_nau_cam_d2070691d6ae4530bd30bb2cc867eac8_large.jpg',0),(156,'Hệ tủ bếp MOHO Kitchen Premium Grenaa ',NULL,82,5,19816667.00,'http://product.hstatic.net/200000065946/product/pro_3m4_chu_l_noi_that_moho_tu_bep_premium_chu_l_3m4_grenaa_1_14d1691fd7354c37befb5159a3c657c5_grande.jpg\n','http://product.hstatic.net/200000065946/product/pro_1m5_chu_i_noi_that_moho_tu_bep_premium_chu_i_1m5_narvik_grenaa_a_153f2b0ca74f44148c758f9761ee88f2_large.jpg',0),(157,'Hệ tủ bếp MOHO Kitchen Premium Ubeda ',NULL,86,5,19816667.00,'http://product.hstatic.net/200000065946/product/pro_2m7_chu_i_noi_that_moho_tu_bep_premium_chu_i_2m7_ubeda__3__f695b936c2be437d8d769796c8930ec5_grande.jpg\n','http://product.hstatic.net/200000065946/product/pro_1m5_chu_i_noi_that_moho_tu_bep_premium_chu_i_1m5_ubeda_c_604284e648254233b4b822f8a0f6de15_large.jpg',0),(158,'Hệ tủ bếp MOHO Kitchen Premium Narvik',NULL,146,5,19816667.00,'http://product.hstatic.net/200000065946/product/pro_2m6_chu_l_noi_that_moho_tu_bep_premium_chu_l_2m6_narvik_1_352f565de6d04e0cb7e1f8214b481ff9_grande.jpg\n','http://product.hstatic.net/200000065946/product/pro_1m5_chu_i_noi_that_moho_tu_bep_premium_chu_i_1m5_narvik_a_a35d7137894a4c11ae4d3a2a20cbddae_large.jpg',0),(159,'Hệ tủ bếp MOHO Kitchen Smart Grenaa',NULL,142,5,14150000.00,'http://product.hstatic.net/200000065946/product/pro_1m5_chu_i_noi_that_moho_tu_bep_smart_chu_i_1m5_narvik_grenaa_c_27af5b348e8441e3b617ce8381fbfa06_grande.jpg\n','http://product.hstatic.net/200000065946/product/pro_2m6_chu_l_noi_that_moho_tu_bep_smart_chu_l_2m6_grenaa_1_b8d12cdce5b844b4abe4f73b73cb035c_large.jpg',0),(160,'Hệ tủ bếp MOHO Kitchen Smart Ubeda ',NULL,50,5,14150000.00,'http://product.hstatic.net/200000065946/product/pro_1m5_chu_i_noi_that_moho_tu_bep_smart_chu_i_1m5_ubeda_c_24816d45e5cb4f07b0cbb876b410c670_grande.jpg\n','http://product.hstatic.net/200000065946/product/pro_2m7_chu_i_noi_that_moho_tu_bep_smart_chu_i_2m7_ubeda__1__3ec18318885d424baffdb9e906a1954c_large.jpg',0),(161,'Hệ tủ bếp MOHO Kitchen Smart Narvik',NULL,79,5,14150000.00,'http://product.hstatic.net/200000065946/product/pro_2m6_chu_l_noi_that_moho_tu_bep_smart_chu_l_2m6_narvik_1_5cf201c1bff84d1f813954b430e35212_grande.jpg\n','http://product.hstatic.net/200000065946/product/pro_1m5_chu_i_noi_that_moho_tu_bep_smart_chu_i_1m5_narvik_a_fa85356e747d4f6f9f30ddc0368434b4_large.jpg',0),(162,'Hệ tủ bếp MOHO Kitchen Essential Grenaa',NULL,229,5,13150000.00,'http://product.hstatic.net/200000065946/product/pro_1m5_chu_i_noi_that_moho_tu_bep_essential_chu_i_1m5_narvik_grenaa_c_95c5dcb276ec4a35bd000e2666315087_grande.jpg\n','http://product.hstatic.net/200000065946/product/pro_2m7_chu_i_noi_that_moho_tu_bep_duoi_chu_i_2m7_grenaa_a__2__b1395da714f04c479cfcc88a68872f50_large.jpg',0),(163,'Hệ tủ bếp MOHO Kitchen Essential Ubeda',NULL,78,5,13150000.00,'http://product.hstatic.net/200000065946/product/pro_2m3_chu_i_noi_that_moho_tu_bep_duoi_essential_chu_i_2m3_ubeda_a_bfc9f68ba4c14ae0af3f6a104ddbaef6_grande.jpg\n','http://product.hstatic.net/200000065946/product/pro_1m5_chu_i_noi_that_moho_tu_bep_essential_chu_i_1m5_ubeda_b_b305517ca58f46978b3978763b421e36_large.jpg',0),(164,'Hệ tủ bếp MOHO Kitchen Essential Navik',NULL,200,5,13150000.00,'http://product.hstatic.net/200000065946/product/pro_2m6_chu_l_noi_that_moho_tu_bep_duoi_chu_l_2m6_narvik_1_691454a689be43a8bbef0b0331e49ec2_grande.jpg\n','http://product.hstatic.net/200000065946/product/pro_1m5_chu_i_noi_that_moho_tu_bep_essential_chu_i_1m5_narvik_b_c6cd0690f0d345b49f1ea10c0e759563_large.jpg',0),(165,'HỆ TỦ BẾP MOHO KITCHEN DÒNG PREMIUM',NULL,80,5,45000000.00,'http://product.hstatic.net/200000065946/product/pro_he_tu_bep_noi_that_moho_premium_1_62ef073e698c40cd89f0be7117586e01_grande.jpg\n','http://product.hstatic.net/200000065946/product/pro_he_tu_bep_noi_that_moho_premium_2_05e9d1afec9c407898096c1335d4ac1e_large.jpg',0),(166,'HỆ TỦ BẾP MOHO KITCHEN DÒNG STANDARD',NULL,127,5,35000000.00,'http://product.hstatic.net/200000065946/product/pro_he_tu_bep_noi_that_moho_standard_1_a2806042929f404293dc876ac8c4263e_grande.jpg\n','http://product.hstatic.net/200000065946/product/pro_he_tu_bep_noi_that_moho_standard_2_aa7d84534f3e4adeafa2856fe91259c2_large.jpg',0),(167,'HỆ TỦ BẾP MOHO KITCHEN DÒNG ESSENTIAL',NULL,298,5,30000000.00,'http://product.hstatic.net/200000065946/product/pro_he_tu_bep_noi_that_moho_esstial_1_1b7c0b975efa4214bd1f718cfa7dc4ba_grande.jpg\n','http://product.hstatic.net/200000065946/product/pro_he_tu_bep_noi_that_moho_esstial_3_d7ccd3814a114135af25a8a98cdea212_large.jpg',0),(168,'Kệ Gỗ – Kệ Sách MOHO OSLO 901',NULL,159,4,2490000.00,'http://product.hstatic.net/200000065946/product/pro_nau_noi_that_moho_tu_ke_sach_oslo_1_f79051e471794a8898e67db56b0aa26a_grande.jpg\n','http://product.hstatic.net/200000065946/product/pro_mau_tu_nhien_noi_that_moho_tu_ke_sach_oslo_1_b95178561732462186e05fcfb42a8b4a_large.jpg\n',0),(169,'Bàn Làm Việc Gỗ MOHO VLINE 601 Màu Nâu',NULL,166,4,2990000.00,'http://product.hstatic.net/200000065946/product/pro_nau_noi_that_moho_ban_lam_viec_vline_601_1_audit_faa97ffd0bcb4a0aa4a68b450901e608_grande.jpg\n','http://product.hstatic.net/200000065946/product/pro_nau_noi_that_moho_ban_lam_viec_vline_601_2_a659f8ee06f94436bd3d1132012cb13b_large.jpg\n',0),(170,'Bàn Làm Việc Gỗ MOHO VLINE 601 Màu Tự Nhiên',NULL,289,4,2990000.00,'http://product.hstatic.net/200000065946/product/pro_mau_tu_nhien_noi_that_moho_ban_lam_viec_vline_1_2ffbfab94fa748a99e6f4c24bb6a00d9_grande.jpg\n','http://product.hstatic.net/200000065946/product/pro_mau_tu_nhien_noi_that_moho_ban_lam_viec_vline_2_0f05b27b65614ca48f1bc685b5e109e1_large.jpg\n',0),(171,'Bàn Làm Việc Gỗ MOHO WORKS 701',NULL,126,4,2490000.00,'http://product.hstatic.net/200000065946/product/pro_trang_noi_that_moho_ban_lam_viec_work_701_1m4_5_5defdced630e4f2e9016abe77a1ea1e5_grande.jpg\n','http://product.hstatic.net/200000065946/product/pro_den_noi_that_moho_ban_lam_viec_work_701_12_b7884af8a622412c812eb86baa610c17_large.jpg\n',0),(172,'Hộc Tủ 3 Ngăn Lưu Trữ Tài Liệu Có Khóa MOHO WORKS 201',NULL,204,4,1890000.00,'http://product.hstatic.net/200000065946/product/pro_trang_noi_that_moho_hoc_tu_luu_tru_11_7cac38416e714e32b8534fd2a8e011d8_grande.jpg\n','http://product.hstatic.net/200000065946/product/pro_den_noi_that_moho_hoc_tu_luu_tru_11_e8d2bb71fd064baea3e349b0085eb475_large.jpg\n',0),(173,'Kệ Gỗ – Kệ Sách MOHO OSLO 902',NULL,223,4,2790000.00,'http://product.hstatic.net/200000065946/product/pro_nau_noi_that_moho_tu_ke_sach_oslo_902_1_6406ed833ec24335b4396a3edd0509a4_grande.jpg\n','http://product.hstatic.net/200000065946/product/pro_mau_tu_nhien_noi_that_moho_ke_sach_oslo_902_1_3eab0d05eb284b87acde51e4f6b75c3c_large.jpg\n',0),(174,'Ghế Xoay Văn Phòng Tay Gập Thông Minh MOHO RIGA 701',NULL,146,4,1690000.00,'http://product.hstatic.net/200000065946/product/pro_trang_noi_that_moho_ghe_van_phong_riga_1_92865499928b49a191bbf2d0e0c91f6f_grande.jpg\n','http://product.hstatic.net/200000065946/product/pro_den_noi_that_moho_ghe_van_phong_riga_1_36e7043208564abbb45f8bd6f68f998d_large.jpg\n',0),(175,'Ghế Văn Phòng Chân Xoay MOHO MAJOR 701',NULL,192,4,1890000.00,'http://product.hstatic.net/200000065946/product/pro_den_noi_that_moho_ghe_van_phong_major_8_368736be250946c19135e408e689f6c4_grande.jpg\n','http://product.hstatic.net/200000065946/product/pro_xam_noi_that_moho_ghe_van_phong_major_1_c42a19b3b8634ec09327363bb4491bfa_large.jpg\n',0),(176,'Bàn Máy Tính Gỗ MOHO WORKS 702',NULL,338,4,2790000.00,'http://product.hstatic.net/200000065946/product/pro_trang_noi_that_moho_ban_may_tinh_1_07121e2728134e579bdfd34fd6e3c184_grande.jpg\n','http://product.hstatic.net/200000065946/product/pro_den_noi_that_moho_ban_may_tinh_1_e25ddc689dca4c35bdb103aae2269346_large.jpg\n',0),(177,'Bàn Làm Việc Gỗ Có Kệ MOHO VLINE 602 Màu Nâu',NULL,208,4,3190000.00,'http://product.hstatic.net/200000065946/product/pro_nau_noi_that_moho_ban_lam_viec_go_co_ke_vline_6_2fd5643fbb19409ca67f6c65a1ba77a4_grande.jpg\n','http://product.hstatic.net/200000065946/product/pro_nau_noi_that_moho_ban_lam_viec_go_co_ke_vline_1_b6926338890d41ff8f49520ba50b2e62_large.jpg\n',0),(178,'Bàn Làm Việc Gỗ MOHO FYN 601 Màu Nâu',NULL,86,4,3290000.00,'http://product.hstatic.net/200000065946/product/pro_nau_noi_that_moho_ban_lam_viec_go_fyn_1_eb59119826ec430088f791766ece564c_grande.jpg\n','http://product.hstatic.net/200000065946/product/pro_nau_noi_that_moho_ban_lam_viec_go_fyn_2_4293a4d160ca4e9c85a282b35e8aaa73_large.jpg\n',0),(179,'Ghế Xoay Văn Phòng Ngả Lưng MOHO JEFE 701',NULL,279,4,2990000.00,'http://product.hstatic.net/200000065946/product/pro_den_noi_that_moho_ghe_van_phong_jefe_1_c22b21049a9748aa9ce64503ad45b58b_grande.jpg\n','http://product.hstatic.net/200000065946/product/pro_den_noi_that_moho_ghe_van_phong_jefe_2_722934d858f84c719ffb0a8755f43d52_large.jpg\n',0),(180,'Kệ Để Sách 3 Tầng MOHO WORKS 703',NULL,163,4,2490000.00,'http://product.hstatic.net/200000065946/product/pro_trang_noi_that_moho_ke_de_sach_7_85b616ba9a054024b13dcd167096a2b4_grande.jpg\n','http://product.hstatic.net/200000065946/product/pro_den_noi_that_moho_ke_de_sach_7_6d68505ffeaa46e6a1642cad38af56a5_large.jpg\n',0),(181,'Bàn Làm Việc Gỗ Có Kệ MOHO VLINE 602 Màu Tự Nhiên',NULL,188,4,3190000.00,'http://product.hstatic.net/200000065946/product/pro_mau_tu_nhien_ban_lam_viec_go_co_ke_vline_4_b433c72c14024fb4b5929c24ce13509e_grande.jpg\n','http://product.hstatic.net/200000065946/product/pro_mau_tu_nhien_ban_lam_viec_go_co_ke_vline_5_060b7838dfe1480a93f886abaf067bc5_large.jpg\n',0),(182,'Kệ Để Sách 5 Tầng MOHO WORKS 701',NULL,47,4,4790000.00,'http://product.hstatic.net/200000065946/product/pro_trang_noi_that_moho_ke_de_sach_5_tang_moho_works_8_0fceadbecd0d48df9113163674a088b9_grande.jpg\n','http://product.hstatic.net/200000065946/product/pro_den_noi_that_moho_ke_de_sach_5_tang_moho_works_8_02bf94d9c3a04a31932ed4626172bacf_large.jpg\n',0),(183,'Bàn Làm Việc Gỗ MOHO FYN 601 Màu Tự Nhiên',NULL,129,4,3290000.00,'http://product.hstatic.net/200000065946/product/pro_mau_tu_nhien_noi_that_moho_ban_hoc_lam_viec_go_fyn_1_cf383ca9c3ff43ae9dbcbda6a90550f6_grande.jpg\n','http://product.hstatic.net/200000065946/product/pro_mau_tu_nhien_noi_that_moho_ban_hoc_lam_viec_go_fyn_6_568eaac6557548fc9e2eab6d80ec0144_large.jpg\n',0),(184,'Kệ Để Sách Tủ Khóa MOHO WORKS 702',NULL,188,4,5390000.00,'http://product.hstatic.net/200000065946/product/pro_trang_noi_that_moho_ke_de_sach_tu_khoa_11_27da17a32ee34d3682ad2cbce1c9606a_grande.jpg\n','http://product.hstatic.net/200000065946/product/pro_den_noi_that_moho_ke_de_sach_tu_khoa_11_5753b0817b9d4954bb1c5072694c0971_large.jpg\n',0),(185,'Ghế Văn Phòng Chân Quỳ MOHO CALLOSO 701',NULL,87,4,1390000.00,'http://product.hstatic.net/200000065946/product/pro_den_noi_that_moho_ghe_van_phong_chan_quy_1_e2e0f1d592c34753b5c755af1444ecc2_grande.jpg\n','http://product.hstatic.net/200000065946/product/pro_den_noi_that_moho_ghe_van_phong_chan_quy_2_847c0e08233e4c02bb7aef01493dacfe_large.jpg\n',0);
/*!40000 ALTER TABLE `products` ENABLE KEYS */;
UNLOCK TABLES;

--
-- Table structure for table `sales`
--

DROP TABLE IF EXISTS `sales`;
/*!40101 SET @saved_cs_client     = @@character_set_client */;
/*!50503 SET character_set_client = utf8mb4 */;
CREATE TABLE `sales` (
  `sale_id` int NOT NULL AUTO_INCREMENT,
  `product_id` int DEFAULT NULL,
  `discount` int DEFAULT NULL,
  PRIMARY KEY (`sale_id`),
  KEY `products_fk_3` (`product_id`),
  CONSTRAINT `products_fk_3` FOREIGN KEY (`product_id`) REFERENCES `products` (`product_id`)
) ENGINE=InnoDB AUTO_INCREMENT=184 DEFAULT CHARSET=utf8mb4 COLLATE=utf8mb4_0900_ai_ci;
/*!40101 SET character_set_client = @saved_cs_client */;

--
-- Dumping data for table `sales`
--

LOCK TABLES `sales` WRITE;
/*!40000 ALTER TABLE `sales` DISABLE KEYS */;
INSERT INTO `sales` VALUES (1,3,10),(2,4,30),(3,5,30),(4,6,30),(5,7,30),(6,8,30),(7,9,30),(8,10,30),(9,11,30),(10,12,30),(11,13,20),(12,14,20),(13,15,20),(14,16,20),(15,17,20),(16,18,20),(17,19,20),(18,20,20),(19,21,20),(20,22,20),(21,23,30),(22,24,40),(23,25,40),(24,26,40),(25,27,40),(26,28,40),(27,29,40),(28,30,10),(29,31,30),(30,32,30),(31,33,30),(32,34,30),(33,35,30),(34,36,30),(35,37,30),(36,38,30),(37,39,30),(38,40,20),(39,41,20),(40,42,20),(41,43,20),(42,44,20),(43,45,20),(44,46,20),(45,47,20),(46,48,20),(47,49,20),(48,50,30),(49,51,40),(50,52,40),(51,53,40),(52,54,40),(53,55,40),(54,56,40),(55,57,10),(56,58,30),(57,59,30),(58,60,30),(59,61,30),(60,62,30),(61,63,30),(62,64,30),(63,65,30),(64,66,30),(65,67,20),(66,68,20),(67,69,20),(68,70,20),(69,71,20),(70,72,20),(71,73,20),(72,74,20),(73,75,20),(74,76,20),(75,77,30),(76,78,40),(77,79,40),(78,80,40),(79,81,40),(80,82,40),(81,83,40),(82,84,10),(83,85,30),(84,86,30),(85,87,30),(86,88,30),(87,89,30),(88,90,30),(89,91,30),(90,92,30),(91,93,30),(92,94,20),(93,95,20),(94,96,20),(95,97,20),(96,98,20),(97,99,20),(98,100,20),(99,101,20),(100,102,20),(101,103,20),(102,104,30),(103,105,40),(104,106,40),(105,107,40),(106,108,40),(107,109,40),(108,110,40),(109,111,10),(110,112,30),(111,113,30),(112,114,30),(113,115,30),(114,116,30),(115,117,30),(116,118,30),(117,119,30),(118,120,30),(119,121,20),(120,122,20),(121,123,20),(122,124,20),(123,125,20),(124,126,20),(125,127,20),(126,128,20),(127,129,20),(128,130,20),(129,131,30),(130,132,40),(131,133,40),(132,134,40),(133,135,40),(134,136,40),(135,137,40),(136,138,10),(137,139,30),(138,140,30),(139,141,30),(140,142,30),(141,143,30),(142,144,30),(143,145,30),(144,146,30),(145,147,30),(146,148,20),(147,149,20),(148,150,20),(149,151,20),(150,152,20),(151,153,20),(152,154,20),(153,155,20),(154,156,20),(155,157,20),(156,158,30),(157,159,40),(158,160,40),(159,161,40),(160,162,40),(161,163,40),(162,164,40),(163,165,10),(164,166,30),(165,167,30),(166,168,30),(167,169,30),(168,170,30),(169,171,30),(170,172,30),(171,173,30),(172,174,30),(173,175,20),(174,176,20),(175,177,20),(176,178,20),(177,179,20),(178,180,20),(179,181,20),(180,182,20),(181,183,20),(182,184,20),(183,185,30);
/*!40000 ALTER TABLE `sales` ENABLE KEYS */;
UNLOCK TABLES;
/*!40103 SET TIME_ZONE=@OLD_TIME_ZONE */;

/*!40101 SET SQL_MODE=@OLD_SQL_MODE */;
/*!40014 SET FOREIGN_KEY_CHECKS=@OLD_FOREIGN_KEY_CHECKS */;
/*!40014 SET UNIQUE_CHECKS=@OLD_UNIQUE_CHECKS */;
/*!40101 SET CHARACTER_SET_CLIENT=@OLD_CHARACTER_SET_CLIENT */;
/*!40101 SET CHARACTER_SET_RESULTS=@OLD_CHARACTER_SET_RESULTS */;
/*!40101 SET COLLATION_CONNECTION=@OLD_COLLATION_CONNECTION */;
/*!40111 SET SQL_NOTES=@OLD_SQL_NOTES */;

-- Dump completed on 2024-04-28 16:53:19
